genus,barcode01,barcode02,barcode03,barcode04,barcode05,barcode06,barcode08,barcode09,barcode10,barcode11,barcode12,barcode14,barcode15,barcode16,barcode19,barcode20,barcode21,total,superkingdom,kingdom,phylum,class,order,family,tax
Bryobacter,0.0,0.0,0.0,2.0,0.0,0.0,0.0,0.0,0.0,0.0,0.0,0.0,0.0,0.0,0.0,0.0,0.0,2.0,Bacteria,Bacteria_none,Acidobacteriota,Acidobacteriae,Bryobacterales,Bryobacteraceae,Bacteria;Bacteria_none;Acidobacteriota;Acidobacteriae;Bryobacterales;Bryobacteraceae;Bryobacter
Aridibacter,0.0,0.0,0.0,6.0,0.0,0.0,0.0,0.0,0.0,0.0,0.0,0.0,0.0,0.0,0.0,0.0,0.0,6.0,Bacteria,Bacteria_none,Acidobacteriota,Blastocatellia,Blastocatellales,Blastocatellaceae,Bacteria;Bacteria_none;Acidobacteriota;Blastocatellia;Blastocatellales;Blastocatellaceae;Aridibacter
Blastocatella,0.0,0.0,0.0,0.0,0.0,0.0,0.0,0.0,0.0,0.0,3.0,0.0,0.0,0.0,0.0,0.0,0.0,3.0,Bacteria,Bacteria_none,Acidobacteriota,Blastocatellia,Blastocatellales,Blastocatellaceae,Bacteria;Bacteria_none;Acidobacteriota;Blastocatellia;Blastocatellales;Blastocatellaceae;Blastocatella
Blastocatellaceae_uncultured,0.0,0.0,0.0,6.0,0.0,0.0,0.0,0.0,0.0,0.0,0.0,0.0,0.0,0.0,0.0,0.0,0.0,6.0,Bacteria,Bacteria_none,Acidobacteriota,Blastocatellia,Blastocatellales,Blastocatellaceae,Bacteria;Bacteria_none;Acidobacteriota;Blastocatellia;Blastocatellales;Blastocatellaceae;Blastocatellaceae_uncultured
JGI 0001001-H03,0.0,0.0,0.0,0.0,0.0,0.0,0.0,0.0,0.0,0.0,5.0,0.0,0.0,0.0,0.0,0.0,0.0,5.0,Bacteria,Bacteria_none,Acidobacteriota,Blastocatellia,Blastocatellales,Blastocatellaceae,Bacteria;Bacteria_none;Acidobacteriota;Blastocatellia;Blastocatellales;Blastocatellaceae;JGI 0001001-H03
Stenotrophobacter,0.0,0.0,0.0,1.0,0.0,0.0,0.0,0.0,0.0,0.0,0.0,0.0,0.0,0.0,0.0,0.0,0.0,1.0,Bacteria,Bacteria_none,Acidobacteriota,Blastocatellia,Blastocatellales,Blastocatellaceae,Bacteria;Bacteria_none;Acidobacteriota;Blastocatellia;Blastocatellales;Blastocatellaceae;Stenotrophobacter
RB41,0.0,3.0,0.0,0.0,0.0,0.0,0.0,1.0,0.0,0.0,0.0,0.0,0.0,0.0,0.0,0.0,0.0,4.0,Bacteria,Bacteria_none,Acidobacteriota,Blastocatellia,Pyrinomonadales,Pyrinomonadaceae,Bacteria;Bacteria_none;Acidobacteriota;Blastocatellia;Pyrinomonadales;Pyrinomonadaceae;RB41
Unclassified_Vicinamibacteraceae,0.0,0.0,0.0,15.0,0.0,0.0,0.0,0.0,1.0,0.0,0.0,0.0,0.0,0.0,0.0,0.0,0.0,16.0,Bacteria,Bacteria_none,Acidobacteriota,Vicinamibacteria,Vicinamibacterales,Vicinamibacteraceae,Bacteria;Bacteria_none;Acidobacteriota;Vicinamibacteria;Vicinamibacterales;Vicinamibacteraceae;Unclassified_Vicinamibacteraceae
Unclassified_Vicinamibacterales_uncultured,0.0,0.0,0.0,10.0,0.0,0.0,0.0,0.0,0.0,1.0,0.0,0.0,0.0,0.0,0.0,0.0,0.0,11.0,Bacteria,Bacteria_none,Acidobacteriota,Vicinamibacteria,Vicinamibacterales,Vicinamibacterales_uncultured,Bacteria;Bacteria_none;Acidobacteriota;Vicinamibacteria;Vicinamibacterales;Vicinamibacterales_uncultured;Unclassified_Vicinamibacterales_uncultured
Iamia,0.0,0.0,2.0,0.0,0.0,0.0,0.0,0.0,0.0,0.0,0.0,0.0,0.0,0.0,0.0,0.0,0.0,2.0,Bacteria,Bacteria_none,Actinobacteriota,Acidimicrobiia,Microtrichales,Iamiaceae,Bacteria;Bacteria_none;Actinobacteriota;Acidimicrobiia;Microtrichales;Iamiaceae;Iamia
Ilumatobacteraceae_uncultured,0.0,0.0,0.0,0.0,0.0,0.0,0.0,0.0,0.0,2.0,0.0,0.0,0.0,0.0,0.0,0.0,0.0,2.0,Bacteria,Bacteria_none,Actinobacteriota,Acidimicrobiia,Microtrichales,Ilumatobacteraceae,Bacteria;Bacteria_none;Actinobacteriota;Acidimicrobiia;Microtrichales;Ilumatobacteraceae;Ilumatobacteraceae_uncultured
Actinomyces,0.0,0.0,1.0,98.0,0.0,0.0,0.0,0.0,0.0,3.0,2.0,0.0,0.0,0.0,0.0,0.0,0.0,104.0,Bacteria,Bacteria_none,Actinobacteriota,Actinobacteria,Actinomycetales,Actinomycetaceae,Bacteria;Bacteria_none;Actinobacteriota;Actinobacteria;Actinomycetales;Actinomycetaceae;Actinomyces
F0332,0.0,0.0,0.0,1.0,0.0,0.0,0.0,0.0,0.0,0.0,0.0,0.0,0.0,0.0,0.0,0.0,0.0,1.0,Bacteria,Bacteria_none,Actinobacteriota,Actinobacteria,Actinomycetales,Actinomycetaceae,Bacteria;Bacteria_none;Actinobacteriota;Actinobacteria;Actinomycetales;Actinomycetaceae;F0332
Gardnerella,0.0,0.0,0.0,0.0,0.0,0.0,0.0,0.0,0.0,0.0,13.0,0.0,0.0,0.0,0.0,0.0,0.0,13.0,Bacteria,Bacteria_none,Actinobacteriota,Actinobacteria,Bifidobacteriales,Bifidobacteriaceae,Bacteria;Bacteria_none;Actinobacteriota;Actinobacteria;Bifidobacteriales;Bifidobacteriaceae;Gardnerella
Corynebacterium,0.0,0.0,1.0,4.0,0.0,0.0,0.0,0.0,0.0,4.0,4.0,0.0,0.0,1.0,0.0,0.0,0.0,14.0,Bacteria,Bacteria_none,Actinobacteriota,Actinobacteria,Corynebacteriales,Corynebacteriaceae,Bacteria;Bacteria_none;Actinobacteriota;Actinobacteria;Corynebacteriales;Corynebacteriaceae;Corynebacterium
Lawsonella,0.0,6.0,9.0,17.0,1.0,0.0,0.0,0.0,0.0,1.0,1.0,1.0,0.0,0.0,0.0,0.0,0.0,36.0,Bacteria,Bacteria_none,Actinobacteriota,Actinobacteria,Corynebacteriales,Corynebacteriaceae,Bacteria;Bacteria_none;Actinobacteriota;Actinobacteria;Corynebacteriales;Corynebacteriaceae;Lawsonella
Unclassified_Corynebacteriaceae,0.0,1.0,0.0,0.0,0.0,0.0,0.0,0.0,0.0,0.0,0.0,0.0,0.0,0.0,0.0,0.0,0.0,1.0,Bacteria,Bacteria_none,Actinobacteriota,Actinobacteria,Corynebacteriales,Corynebacteriaceae,Bacteria;Bacteria_none;Actinobacteriota;Actinobacteria;Corynebacteriales;Corynebacteriaceae;Unclassified_Corynebacteriaceae
Dietzia,0.0,0.0,0.0,0.0,0.0,0.0,0.0,1.0,0.0,0.0,0.0,0.0,0.0,0.0,0.0,0.0,0.0,1.0,Bacteria,Bacteria_none,Actinobacteriota,Actinobacteria,Corynebacteriales,Dietziaceae,Bacteria;Bacteria_none;Actinobacteriota;Actinobacteria;Corynebacteriales;Dietziaceae;Dietzia
Rhodococcus,0.0,0.0,0.0,0.0,0.0,0.0,0.0,0.0,0.0,0.0,1.0,0.0,0.0,0.0,0.0,0.0,0.0,1.0,Bacteria,Bacteria_none,Actinobacteriota,Actinobacteria,Corynebacteriales,Nocardiaceae,Bacteria;Bacteria_none;Actinobacteriota;Actinobacteria;Corynebacteriales;Nocardiaceae;Rhodococcus
Williamsia,0.0,0.0,0.0,0.0,0.0,0.0,0.0,0.0,0.0,3.0,0.0,0.0,0.0,0.0,0.0,0.0,0.0,3.0,Bacteria,Bacteria_none,Actinobacteriota,Actinobacteria,Corynebacteriales,Nocardiaceae,Bacteria;Bacteria_none;Actinobacteriota;Actinobacteria;Corynebacteriales;Nocardiaceae;Williamsia
Jatrophihabitans,0.0,0.0,0.0,0.0,0.0,0.0,0.0,0.0,0.0,1.0,0.0,0.0,0.0,0.0,0.0,0.0,0.0,1.0,Bacteria,Bacteria_none,Actinobacteriota,Actinobacteria,Frankiales,Frankiaceae,Bacteria;Bacteria_none;Actinobacteriota;Actinobacteria;Frankiales;Frankiaceae;Jatrophihabitans
Blastococcus,0.0,0.0,4.0,0.0,0.0,0.0,0.0,0.0,0.0,0.0,2.0,0.0,0.0,0.0,0.0,0.0,0.0,6.0,Bacteria,Bacteria_none,Actinobacteriota,Actinobacteria,Frankiales,Geodermatophilaceae,Bacteria;Bacteria_none;Actinobacteriota;Actinobacteria;Frankiales;Geodermatophilaceae;Blastococcus
Nakamurella,0.0,0.0,0.0,0.0,0.0,0.0,0.0,0.0,0.0,2.0,0.0,0.0,0.0,0.0,0.0,0.0,0.0,2.0,Bacteria,Bacteria_none,Actinobacteriota,Actinobacteria,Frankiales,Nakamurellaceae,Bacteria;Bacteria_none;Actinobacteriota;Actinobacteria;Frankiales;Nakamurellaceae;Nakamurella
Pseudokineococcus,0.0,0.0,0.0,0.0,0.0,0.0,0.0,0.0,0.0,0.0,1.0,0.0,0.0,0.0,0.0,0.0,0.0,1.0,Bacteria,Bacteria_none,Actinobacteriota,Actinobacteria,Kineosporiales,Kineosporiaceae,Bacteria;Bacteria_none;Actinobacteriota;Actinobacteria;Kineosporiales;Kineosporiaceae;Pseudokineococcus
Quadrisphaera,0.0,0.0,0.0,0.0,0.0,0.0,0.0,0.0,0.0,1.0,0.0,0.0,0.0,0.0,0.0,0.0,0.0,1.0,Bacteria,Bacteria_none,Actinobacteriota,Actinobacteria,Kineosporiales,Kineosporiaceae,Bacteria;Bacteria_none;Actinobacteriota;Actinobacteria;Kineosporiales;Kineosporiaceae;Quadrisphaera
Brevibacterium,0.0,0.0,0.0,0.0,0.0,0.0,3.0,0.0,0.0,0.0,0.0,0.0,0.0,0.0,0.0,0.0,0.0,3.0,Bacteria,Bacteria_none,Actinobacteriota,Actinobacteria,Micrococcales,Brevibacteriaceae,Bacteria;Bacteria_none;Actinobacteriota;Actinobacteria;Micrococcales;Brevibacteriaceae;Brevibacterium
Cellulomonas,0.0,0.0,0.0,0.0,0.0,0.0,0.0,0.0,0.0,0.0,1.0,0.0,0.0,0.0,0.0,0.0,0.0,1.0,Bacteria,Bacteria_none,Actinobacteriota,Actinobacteria,Micrococcales,Cellulomonadaceae,Bacteria;Bacteria_none;Actinobacteriota;Actinobacteria;Micrococcales;Cellulomonadaceae;Cellulomonas
Brachybacterium,0.0,0.0,6.0,3.0,8.0,0.0,1.0,0.0,0.0,0.0,0.0,0.0,0.0,0.0,0.0,0.0,0.0,18.0,Bacteria,Bacteria_none,Actinobacteriota,Actinobacteria,Micrococcales,Dermabacteraceae,Bacteria;Bacteria_none;Actinobacteriota;Actinobacteria;Micrococcales;Dermabacteraceae;Brachybacterium
Dermacoccus,0.0,0.0,0.0,0.0,0.0,0.0,0.0,0.0,0.0,1.0,0.0,0.0,0.0,0.0,0.0,0.0,0.0,1.0,Bacteria,Bacteria_none,Actinobacteriota,Actinobacteria,Micrococcales,Dermacoccaceae,Bacteria;Bacteria_none;Actinobacteriota;Actinobacteria;Micrococcales;Dermacoccaceae;Dermacoccus
Flexivirga,0.0,0.0,0.0,0.0,0.0,0.0,0.0,0.0,0.0,0.0,1.0,0.0,0.0,0.0,0.0,0.0,0.0,1.0,Bacteria,Bacteria_none,Actinobacteriota,Actinobacteria,Micrococcales,Dermacoccaceae,Bacteria;Bacteria_none;Actinobacteriota;Actinobacteria;Micrococcales;Dermacoccaceae;Flexivirga
Dermatophilaceae_uncultured,0.0,0.0,0.0,0.0,0.0,0.0,0.0,0.0,0.0,1.0,0.0,0.0,0.0,0.0,0.0,0.0,0.0,1.0,Bacteria,Bacteria_none,Actinobacteriota,Actinobacteria,Micrococcales,Dermatophilaceae,Bacteria;Bacteria_none;Actinobacteriota;Actinobacteria;Micrococcales;Dermatophilaceae;Dermatophilaceae_uncultured
Unclassified_Dermatophilaceae,0.0,0.0,0.0,0.0,0.0,0.0,0.0,0.0,0.0,1.0,0.0,0.0,0.0,0.0,0.0,0.0,0.0,1.0,Bacteria,Bacteria_none,Actinobacteriota,Actinobacteria,Micrococcales,Dermatophilaceae,Bacteria;Bacteria_none;Actinobacteriota;Actinobacteria;Micrococcales;Dermatophilaceae;Unclassified_Dermatophilaceae
Intrasporangiaceae_uncultured,0.0,0.0,0.0,0.0,0.0,0.0,0.0,0.0,0.0,0.0,1.0,0.0,0.0,0.0,0.0,0.0,0.0,1.0,Bacteria,Bacteria_none,Actinobacteriota,Actinobacteria,Micrococcales,Intrasporangiaceae,Bacteria;Bacteria_none;Actinobacteriota;Actinobacteria;Micrococcales;Intrasporangiaceae;Intrasporangiaceae_uncultured
Intrasporangium,0.0,0.0,0.0,0.0,0.0,0.0,0.0,0.0,0.0,1.0,0.0,0.0,0.0,0.0,0.0,0.0,0.0,1.0,Bacteria,Bacteria_none,Actinobacteriota,Actinobacteria,Micrococcales,Intrasporangiaceae,Bacteria;Bacteria_none;Actinobacteriota;Actinobacteria;Micrococcales;Intrasporangiaceae;Intrasporangium
Janibacter,0.0,1.0,5.0,0.0,0.0,0.0,1.0,0.0,0.0,1.0,0.0,0.0,0.0,0.0,0.0,0.0,0.0,8.0,Bacteria,Bacteria_none,Actinobacteriota,Actinobacteria,Micrococcales,Intrasporangiaceae,Bacteria;Bacteria_none;Actinobacteriota;Actinobacteria;Micrococcales;Intrasporangiaceae;Janibacter
Lapillicoccus,0.0,0.0,0.0,0.0,0.0,0.0,0.0,0.0,0.0,0.0,1.0,0.0,0.0,0.0,0.0,0.0,0.0,1.0,Bacteria,Bacteria_none,Actinobacteriota,Actinobacteria,Micrococcales,Intrasporangiaceae,Bacteria;Bacteria_none;Actinobacteriota;Actinobacteria;Micrococcales;Intrasporangiaceae;Lapillicoccus
Ornithinimicrobium,0.0,0.0,0.0,0.0,0.0,0.0,0.0,1.0,0.0,0.0,1.0,0.0,0.0,0.0,0.0,0.0,0.0,2.0,Bacteria,Bacteria_none,Actinobacteriota,Actinobacteria,Micrococcales,Intrasporangiaceae,Bacteria;Bacteria_none;Actinobacteriota;Actinobacteria;Micrococcales;Intrasporangiaceae;Ornithinimicrobium
Terracoccus,0.0,0.0,0.0,0.0,0.0,0.0,0.0,0.0,0.0,1.0,1.0,0.0,0.0,0.0,0.0,0.0,0.0,2.0,Bacteria,Bacteria_none,Actinobacteriota,Actinobacteria,Micrococcales,Intrasporangiaceae,Bacteria;Bacteria_none;Actinobacteriota;Actinobacteria;Micrococcales;Intrasporangiaceae;Terracoccus
Agrococcus,0.0,0.0,0.0,0.0,0.0,0.0,0.0,0.0,0.0,3.0,2.0,0.0,0.0,0.0,0.0,0.0,0.0,5.0,Bacteria,Bacteria_none,Actinobacteriota,Actinobacteria,Micrococcales,Microbacteriaceae,Bacteria;Bacteria_none;Actinobacteriota;Actinobacteria;Micrococcales;Microbacteriaceae;Agrococcus
Amnibacterium,0.0,0.0,0.0,0.0,0.0,0.0,0.0,0.0,1.0,0.0,0.0,0.0,0.0,0.0,0.0,0.0,0.0,1.0,Bacteria,Bacteria_none,Actinobacteriota,Actinobacteria,Micrococcales,Microbacteriaceae,Bacteria;Bacteria_none;Actinobacteriota;Actinobacteria;Micrococcales;Microbacteriaceae;Amnibacterium
Curtobacterium,0.0,0.0,0.0,0.0,0.0,0.0,0.0,0.0,0.0,11.0,2.0,0.0,0.0,0.0,0.0,0.0,0.0,13.0,Bacteria,Bacteria_none,Actinobacteriota,Actinobacteria,Micrococcales,Microbacteriaceae,Bacteria;Bacteria_none;Actinobacteriota;Actinobacteria;Micrococcales;Microbacteriaceae;Curtobacterium
Microbacterium,0.0,0.0,0.0,0.0,0.0,0.0,0.0,0.0,0.0,7.0,5.0,0.0,0.0,0.0,0.0,0.0,0.0,12.0,Bacteria,Bacteria_none,Actinobacteriota,Actinobacteria,Micrococcales,Microbacteriaceae,Bacteria;Bacteria_none;Actinobacteriota;Actinobacteria;Micrococcales;Microbacteriaceae;Microbacterium
Schumannella,0.0,0.0,0.0,0.0,0.0,0.0,0.0,0.0,0.0,1.0,0.0,0.0,0.0,0.0,0.0,0.0,0.0,1.0,Bacteria,Bacteria_none,Actinobacteriota,Actinobacteria,Micrococcales,Microbacteriaceae,Bacteria;Bacteria_none;Actinobacteriota;Actinobacteria;Micrococcales;Microbacteriaceae;Schumannella
Arthrobacter,0.0,0.0,0.0,0.0,0.0,0.0,0.0,1.0,0.0,0.0,1.0,0.0,0.0,0.0,0.0,0.0,0.0,2.0,Bacteria,Bacteria_none,Actinobacteriota,Actinobacteria,Micrococcales,Micrococcaceae,Bacteria;Bacteria_none;Actinobacteriota;Actinobacteria;Micrococcales;Micrococcaceae;Arthrobacter
Glutamicibacter,0.0,0.0,3.0,0.0,0.0,0.0,0.0,0.0,0.0,0.0,0.0,0.0,0.0,0.0,0.0,0.0,0.0,3.0,Bacteria,Bacteria_none,Actinobacteriota,Actinobacteria,Micrococcales,Micrococcaceae,Bacteria;Bacteria_none;Actinobacteriota;Actinobacteria;Micrococcales;Micrococcaceae;Glutamicibacter
Kocuria,0.0,0.0,16.0,3.0,0.0,1.0,2.0,0.0,0.0,6.0,9.0,0.0,0.0,0.0,0.0,6.0,0.0,43.0,Bacteria,Bacteria_none,Actinobacteriota,Actinobacteria,Micrococcales,Micrococcaceae,Bacteria;Bacteria_none;Actinobacteriota;Actinobacteria;Micrococcales;Micrococcaceae;Kocuria
Micrococcus,0.0,0.0,11.0,2.0,0.0,0.0,0.0,0.0,0.0,10.0,10.0,0.0,1.0,9.0,1.0,6.0,0.0,50.0,Bacteria,Bacteria_none,Actinobacteriota,Actinobacteria,Micrococcales,Micrococcaceae,Bacteria;Bacteria_none;Actinobacteriota;Actinobacteria;Micrococcales;Micrococcaceae;Micrococcus
Nesterenkonia,0.0,0.0,0.0,0.0,0.0,0.0,1.0,0.0,0.0,0.0,0.0,0.0,0.0,0.0,0.0,0.0,0.0,1.0,Bacteria,Bacteria_none,Actinobacteriota,Actinobacteria,Micrococcales,Micrococcaceae,Bacteria;Bacteria_none;Actinobacteriota;Actinobacteria;Micrococcales;Micrococcaceae;Nesterenkonia
Pseudarthrobacter,0.0,0.0,0.0,0.0,0.0,0.0,0.0,2.0,0.0,0.0,1.0,0.0,0.0,0.0,0.0,0.0,0.0,3.0,Bacteria,Bacteria_none,Actinobacteriota,Actinobacteria,Micrococcales,Micrococcaceae,Bacteria;Bacteria_none;Actinobacteriota;Actinobacteria;Micrococcales;Micrococcaceae;Pseudarthrobacter
Rothia,0.0,0.0,0.0,4.0,0.0,0.0,1.0,0.0,0.0,8.0,11.0,0.0,0.0,2.0,0.0,0.0,0.0,26.0,Bacteria,Bacteria_none,Actinobacteriota,Actinobacteria,Micrococcales,Micrococcaceae,Bacteria;Bacteria_none;Actinobacteriota;Actinobacteria;Micrococcales;Micrococcaceae;Rothia
Cellulosimicrobium,0.0,0.0,3.0,0.0,0.0,0.0,0.0,0.0,0.0,0.0,0.0,0.0,0.0,0.0,0.0,0.0,0.0,3.0,Bacteria,Bacteria_none,Actinobacteriota,Actinobacteria,Micrococcales,Promicromonosporaceae,Bacteria;Bacteria_none;Actinobacteriota;Actinobacteria;Micrococcales;Promicromonosporaceae;Cellulosimicrobium
Actinoplanes,0.0,0.0,0.0,1.0,0.0,0.0,0.0,0.0,0.0,0.0,0.0,0.0,0.0,0.0,0.0,0.0,0.0,1.0,Bacteria,Bacteria_none,Actinobacteriota,Actinobacteria,Micromonosporales,Micromonosporaceae,Bacteria;Bacteria_none;Actinobacteriota;Actinobacteria;Micromonosporales;Micromonosporaceae;Actinoplanes
Marmoricola,0.0,0.0,0.0,0.0,0.0,0.0,0.0,0.0,0.0,2.0,0.0,0.0,0.0,0.0,0.0,0.0,0.0,2.0,Bacteria,Bacteria_none,Actinobacteriota,Actinobacteria,Propionibacteriales,Nocardioidaceae,Bacteria;Bacteria_none;Actinobacteriota;Actinobacteria;Propionibacteriales;Nocardioidaceae;Marmoricola
Nocardioides,0.0,0.0,0.0,0.0,0.0,0.0,0.0,0.0,0.0,2.0,0.0,0.0,0.0,0.0,0.0,0.0,0.0,2.0,Bacteria,Bacteria_none,Actinobacteriota,Actinobacteria,Propionibacteriales,Nocardioidaceae,Bacteria;Bacteria_none;Actinobacteriota;Actinobacteria;Propionibacteriales;Nocardioidaceae;Nocardioides
Auraticoccus,0.0,0.0,0.0,0.0,0.0,0.0,0.0,0.0,0.0,0.0,1.0,0.0,0.0,0.0,0.0,0.0,0.0,1.0,Bacteria,Bacteria_none,Actinobacteriota,Actinobacteria,Propionibacteriales,Propionibacteriaceae,Bacteria;Bacteria_none;Actinobacteriota;Actinobacteria;Propionibacteriales;Propionibacteriaceae;Auraticoccus
Cutibacterium,21.0,496.0,3409.0,2205.0,710.0,701.0,886.0,1083.0,76.0,1791.0,1706.0,701.0,588.0,8788.0,267.0,1050.0,0.0,24478.0,Bacteria,Bacteria_none,Actinobacteriota,Actinobacteria,Propionibacteriales,Propionibacteriaceae,Bacteria;Bacteria_none;Actinobacteriota;Actinobacteria;Propionibacteriales;Propionibacteriaceae;Cutibacterium
Friedmanniella,0.0,0.0,0.0,0.0,0.0,0.0,0.0,0.0,0.0,3.0,5.0,0.0,0.0,1.0,0.0,0.0,0.0,9.0,Bacteria,Bacteria_none,Actinobacteriota,Actinobacteria,Propionibacteriales,Propionibacteriaceae,Bacteria;Bacteria_none;Actinobacteriota;Actinobacteria;Propionibacteriales;Propionibacteriaceae;Friedmanniella
Marinilutecoccus,0.0,0.0,0.0,0.0,0.0,0.0,0.0,0.0,0.0,0.0,1.0,0.0,0.0,0.0,0.0,0.0,0.0,1.0,Bacteria,Bacteria_none,Actinobacteriota,Actinobacteria,Propionibacteriales,Propionibacteriaceae,Bacteria;Bacteria_none;Actinobacteriota;Actinobacteria;Propionibacteriales;Propionibacteriaceae;Marinilutecoccus
Microlunatus,0.0,0.0,0.0,0.0,0.0,0.0,0.0,0.0,0.0,5.0,1.0,0.0,0.0,0.0,0.0,0.0,0.0,6.0,Bacteria,Bacteria_none,Actinobacteriota,Actinobacteria,Propionibacteriales,Propionibacteriaceae,Bacteria;Bacteria_none;Actinobacteriota;Actinobacteria;Propionibacteriales;Propionibacteriaceae;Microlunatus
Pseudopropionibacterium,0.0,0.0,0.0,3.0,0.0,0.0,0.0,0.0,0.0,0.0,0.0,0.0,0.0,0.0,0.0,0.0,0.0,3.0,Bacteria,Bacteria_none,Actinobacteriota,Actinobacteria,Propionibacteriales,Propionibacteriaceae,Bacteria;Bacteria_none;Actinobacteriota;Actinobacteria;Propionibacteriales;Propionibacteriaceae;Pseudopropionibacterium
Atopobium,0.0,0.0,3.0,51.0,0.0,0.0,0.0,0.0,0.0,0.0,1.0,0.0,0.0,2.0,0.0,0.0,0.0,57.0,Bacteria,Bacteria_none,Actinobacteriota,Coriobacteriia,Coriobacteriales,Atopobiaceae,Bacteria;Bacteria_none;Actinobacteriota;Coriobacteriia;Coriobacteriales;Atopobiaceae;Atopobium
Rubrobacter,0.0,0.0,0.0,0.0,0.0,0.0,0.0,0.0,0.0,2.0,0.0,0.0,0.0,0.0,0.0,0.0,1.0,3.0,Bacteria,Bacteria_none,Actinobacteriota,Rubrobacteria,Rubrobacterales,Rubrobacteriaceae,Bacteria;Bacteria_none;Actinobacteriota;Rubrobacteria;Rubrobacterales;Rubrobacteriaceae;Rubrobacter
Gaiella,0.0,0.0,0.0,4.0,0.0,0.0,0.0,0.0,0.0,2.0,2.0,0.0,0.0,0.0,0.0,0.0,0.0,8.0,Bacteria,Bacteria_none,Actinobacteriota,Thermoleophilia,Gaiellales,Gaiellaceae,Bacteria;Bacteria_none;Actinobacteriota;Thermoleophilia;Gaiellales;Gaiellaceae;Gaiella
Unclassified_67-14,0.0,4.0,1.0,8.0,0.0,0.0,0.0,0.0,0.0,5.0,3.0,1.0,0.0,4.0,0.0,0.0,0.0,26.0,Bacteria,Bacteria_none,Actinobacteriota,Thermoleophilia,Solirubrobacterales,67-14,Bacteria;Bacteria_none;Actinobacteriota;Thermoleophilia;Solirubrobacterales;67-14;Unclassified_67-14
Conexibacter,0.0,0.0,0.0,0.0,0.0,0.0,0.0,0.0,0.0,0.0,2.0,0.0,0.0,0.0,0.0,0.0,0.0,2.0,Bacteria,Bacteria_none,Actinobacteriota,Thermoleophilia,Solirubrobacterales,Solirubrobacteraceae,Bacteria;Bacteria_none;Actinobacteriota;Thermoleophilia;Solirubrobacterales;Solirubrobacteraceae;Conexibacter
Solirubrobacter,0.0,0.0,0.0,13.0,0.0,0.0,0.0,0.0,0.0,3.0,2.0,0.0,0.0,0.0,0.0,0.0,0.0,18.0,Bacteria,Bacteria_none,Actinobacteriota,Thermoleophilia,Solirubrobacterales,Solirubrobacteraceae,Bacteria;Bacteria_none;Actinobacteriota;Thermoleophilia;Solirubrobacterales;Solirubrobacteraceae;Solirubrobacter
Porphyromonas,0.0,0.0,1.0,13.0,0.0,0.0,1.0,0.0,0.0,0.0,2.0,0.0,0.0,1.0,0.0,0.0,0.0,18.0,Bacteria,Bacteria_none,Bacteroidota,Bacteroidia,Bacteroidales,Porphyromonadaceae,Bacteria;Bacteria_none;Bacteroidota;Bacteroidia;Bacteroidales;Porphyromonadaceae;Porphyromonas
Alloprevotella,0.0,0.0,0.0,28.0,0.0,0.0,2.0,0.0,0.0,1.0,0.0,0.0,0.0,0.0,0.0,0.0,0.0,31.0,Bacteria,Bacteria_none,Bacteroidota,Bacteroidia,Bacteroidales,Prevotellaceae,Bacteria;Bacteria_none;Bacteroidota;Bacteroidia;Bacteroidales;Prevotellaceae;Alloprevotella
Prevotella,0.0,0.0,3.0,83.0,0.0,0.0,0.0,0.0,0.0,0.0,0.0,0.0,0.0,0.0,0.0,0.0,0.0,86.0,Bacteria,Bacteria_none,Bacteroidota,Bacteroidia,Bacteroidales,Prevotellaceae,Bacteria;Bacteria_none;Bacteroidota;Bacteroidia;Bacteroidales;Prevotellaceae;Prevotella
Prevotella_7,0.0,0.0,11.0,155.0,0.0,0.0,0.0,0.0,0.0,2.0,0.0,0.0,0.0,0.0,0.0,0.0,0.0,168.0,Bacteria,Bacteria_none,Bacteroidota,Bacteroidia,Bacteroidales,Prevotellaceae,Bacteria;Bacteria_none;Bacteroidota;Bacteroidia;Bacteroidales;Prevotellaceae;Prevotella_7
Roseimarinus,0.0,0.0,0.0,0.0,0.0,0.0,0.0,0.0,0.0,0.0,0.0,0.0,0.0,0.0,0.0,2.0,0.0,2.0,Bacteria,Bacteria_none,Bacteroidota,Bacteroidia,Bacteroidales,Prolixibacteraceae,Bacteria;Bacteria_none;Bacteroidota;Bacteroidia;Bacteroidales;Prolixibacteraceae;Roseimarinus
Chitinophagaceae_uncultured,0.0,8.0,0.0,1.0,0.0,0.0,0.0,0.0,0.0,3.0,2.0,0.0,0.0,4.0,0.0,0.0,0.0,18.0,Bacteria,Bacteria_none,Bacteroidota,Bacteroidia,Chitinophagales,Chitinophagaceae,Bacteria;Bacteria_none;Bacteroidota;Bacteroidia;Chitinophagales;Chitinophagaceae;Chitinophagaceae_uncultured
Cnuella,0.0,0.0,0.0,0.0,0.0,0.0,0.0,2.0,0.0,0.0,0.0,0.0,0.0,0.0,0.0,0.0,0.0,2.0,Bacteria,Bacteria_none,Bacteroidota,Bacteroidia,Chitinophagales,Chitinophagaceae,Bacteria;Bacteria_none;Bacteroidota;Bacteroidia;Chitinophagales;Chitinophagaceae;Cnuella
Flaviaesturariibacter,0.0,0.0,0.0,0.0,0.0,0.0,0.0,0.0,0.0,0.0,1.0,0.0,0.0,0.0,0.0,0.0,0.0,1.0,Bacteria,Bacteria_none,Bacteroidota,Bacteroidia,Chitinophagales,Chitinophagaceae,Bacteria;Bacteria_none;Bacteroidota;Bacteroidia;Chitinophagales;Chitinophagaceae;Flaviaesturariibacter
Flavisolibacter,0.0,0.0,0.0,1.0,0.0,0.0,0.0,1.0,0.0,0.0,0.0,0.0,0.0,0.0,0.0,0.0,0.0,2.0,Bacteria,Bacteria_none,Bacteroidota,Bacteroidia,Chitinophagales,Chitinophagaceae,Bacteria;Bacteria_none;Bacteroidota;Bacteroidia;Chitinophagales;Chitinophagaceae;Flavisolibacter
Niastella,0.0,0.0,0.0,0.0,0.0,0.0,0.0,0.0,0.0,0.0,1.0,0.0,0.0,0.0,0.0,0.0,0.0,1.0,Bacteria,Bacteria_none,Bacteroidota,Bacteroidia,Chitinophagales,Chitinophagaceae,Bacteria;Bacteria_none;Bacteroidota;Bacteroidia;Chitinophagales;Chitinophagaceae;Niastella
Parafilimonas,0.0,0.0,0.0,0.0,0.0,0.0,0.0,0.0,0.0,3.0,0.0,0.0,0.0,0.0,0.0,0.0,0.0,3.0,Bacteria,Bacteria_none,Bacteroidota,Bacteroidia,Chitinophagales,Chitinophagaceae,Bacteria;Bacteria_none;Bacteroidota;Bacteroidia;Chitinophagales;Chitinophagaceae;Parafilimonas
Fulvivirga,0.0,0.0,0.0,0.0,0.0,0.0,0.0,0.0,0.0,0.0,3.0,0.0,0.0,0.0,0.0,0.0,0.0,3.0,Bacteria,Bacteria_none,Bacteroidota,Bacteroidia,Cytophagales,Cyclobacteriaceae,Bacteria;Bacteria_none;Bacteroidota;Bacteroidia;Cytophagales;Cyclobacteriaceae;Fulvivirga
Hymenobacter,0.0,0.0,0.0,0.0,0.0,0.0,0.0,0.0,0.0,5.0,2.0,0.0,0.0,0.0,0.0,0.0,0.0,7.0,Bacteria,Bacteria_none,Bacteroidota,Bacteroidia,Cytophagales,Hymenobacteraceae,Bacteria;Bacteria_none;Bacteroidota;Bacteroidia;Cytophagales;Hymenobacteraceae;Hymenobacter
Microscillaceae_uncultured,0.0,0.0,0.0,8.0,0.0,0.0,0.0,0.0,0.0,0.0,0.0,0.0,0.0,0.0,0.0,0.0,0.0,8.0,Bacteria,Bacteria_none,Bacteroidota,Bacteroidia,Cytophagales,Microscillaceae,Bacteria;Bacteria_none;Bacteroidota;Bacteroidia;Cytophagales;Microscillaceae;Microscillaceae_uncultured
Ohtaekwangia,0.0,0.0,0.0,2.0,0.0,0.0,0.0,0.0,0.0,0.0,0.0,0.0,0.0,0.0,0.0,0.0,0.0,2.0,Bacteria,Bacteria_none,Bacteroidota,Bacteroidia,Cytophagales,Microscillaceae,Bacteria;Bacteria_none;Bacteroidota;Bacteroidia;Cytophagales;Microscillaceae;Ohtaekwangia
Dyadobacter,0.0,0.0,0.0,0.0,0.0,0.0,0.0,0.0,0.0,1.0,0.0,0.0,0.0,0.0,0.0,0.0,0.0,1.0,Bacteria,Bacteria_none,Bacteroidota,Bacteroidia,Cytophagales,Spirosomaceae,Bacteria;Bacteria_none;Bacteroidota;Bacteroidia;Cytophagales;Spirosomaceae;Dyadobacter
Flectobacillus,0.0,0.0,0.0,0.0,0.0,0.0,0.0,0.0,0.0,0.0,0.0,0.0,0.0,1.0,0.0,0.0,0.0,1.0,Bacteria,Bacteria_none,Bacteroidota,Bacteroidia,Cytophagales,Spirosomaceae,Bacteria;Bacteria_none;Bacteroidota;Bacteroidia;Cytophagales;Spirosomaceae;Flectobacillus
Larkinella,0.0,0.0,0.0,0.0,0.0,0.0,0.0,0.0,0.0,0.0,2.0,0.0,0.0,0.0,0.0,0.0,0.0,2.0,Bacteria,Bacteria_none,Bacteroidota,Bacteroidia,Cytophagales,Spirosomaceae,Bacteria;Bacteria_none;Bacteroidota;Bacteroidia;Cytophagales;Spirosomaceae;Larkinella
Spirosomaceae_uncultured,0.0,0.0,0.0,0.0,0.0,0.0,0.0,0.0,0.0,1.0,0.0,0.0,0.0,0.0,0.0,0.0,0.0,1.0,Bacteria,Bacteria_none,Bacteroidota,Bacteroidia,Cytophagales,Spirosomaceae,Bacteria;Bacteria_none;Bacteroidota;Bacteroidia;Cytophagales;Spirosomaceae;Spirosomaceae_uncultured
Capnocytophaga,0.0,0.0,0.0,3.0,0.0,0.0,1.0,2.0,0.0,0.0,1.0,0.0,0.0,2.0,0.0,0.0,0.0,9.0,Bacteria,Bacteria_none,Bacteroidota,Bacteroidia,Flavobacteriales,Flavobacteriaceae,Bacteria;Bacteria_none;Bacteroidota;Bacteroidia;Flavobacteriales;Flavobacteriaceae;Capnocytophaga
Bergeyella,0.0,1.0,0.0,1.0,0.0,0.0,0.0,1.0,0.0,0.0,3.0,0.0,0.0,0.0,0.0,0.0,0.0,6.0,Bacteria,Bacteria_none,Bacteroidota,Bacteroidia,Flavobacteriales,Weeksellaceae,Bacteria;Bacteria_none;Bacteroidota;Bacteroidia;Flavobacteriales;Weeksellaceae;Bergeyella
Chryseobacterium,0.0,0.0,2.0,0.0,0.0,0.0,0.0,0.0,0.0,0.0,0.0,0.0,0.0,0.0,0.0,0.0,0.0,2.0,Bacteria,Bacteria_none,Bacteroidota,Bacteroidia,Flavobacteriales,Weeksellaceae,Bacteria;Bacteria_none;Bacteroidota;Bacteroidia;Flavobacteriales;Weeksellaceae;Chryseobacterium
Mucilaginibacter,0.0,0.0,0.0,0.0,0.0,0.0,0.0,0.0,0.0,0.0,2.0,0.0,0.0,0.0,0.0,0.0,0.0,2.0,Bacteria,Bacteria_none,Bacteroidota,Bacteroidia,Sphingobacteriales,Sphingobacteriaceae,Bacteria;Bacteria_none;Bacteroidota;Bacteroidia;Sphingobacteriales;Sphingobacteriaceae;Mucilaginibacter
Campylobacter,0.0,0.0,0.0,15.0,0.0,0.0,0.0,0.0,0.0,0.0,0.0,0.0,0.0,0.0,0.0,0.0,0.0,15.0,Bacteria,Bacteria_none,Campylobacterota,Campylobacteria,Campylobacterales,Campylobacteraceae,Bacteria;Bacteria_none;Campylobacterota;Campylobacteria;Campylobacterales;Campylobacteraceae;Campylobacter
Caldilineaceae_uncultured,0.0,2.0,0.0,0.0,0.0,0.0,0.0,0.0,0.0,0.0,0.0,0.0,0.0,0.0,0.0,0.0,0.0,2.0,Bacteria,Bacteria_none,Chloroflexi,Anaerolineae,Caldilineales,Caldilineaceae,Bacteria;Bacteria_none;Chloroflexi;Anaerolineae;Caldilineales;Caldilineaceae;Caldilineaceae_uncultured
Unclassified_AKYG1722,0.0,0.0,0.0,0.0,0.0,0.0,0.0,0.0,0.0,0.0,0.0,0.0,0.0,1.0,0.0,0.0,0.0,1.0,Bacteria,Bacteria_none,Chloroflexi,Chloroflexia,Thermomicrobiales,AKYG1722,Bacteria;Bacteria_none;Chloroflexi;Chloroflexia;Thermomicrobiales;AKYG1722;Unclassified_AKYG1722
Unclassified_JG30-KF-CM45,0.0,0.0,0.0,0.0,0.0,0.0,0.0,0.0,0.0,0.0,1.0,0.0,0.0,0.0,0.0,0.0,0.0,1.0,Bacteria,Bacteria_none,Chloroflexi,Chloroflexia,Thermomicrobiales,JG30-KF-CM45,Bacteria;Bacteria_none;Chloroflexi;Chloroflexia;Thermomicrobiales;JG30-KF-CM45;Unclassified_JG30-KF-CM45
Chroococcidiopsaceae_uncultured,0.0,0.0,0.0,0.0,0.0,0.0,0.0,0.0,0.0,0.0,2.0,0.0,0.0,0.0,0.0,0.0,0.0,2.0,Bacteria,Bacteria_none,Cyanobacteria,Cyanobacteriia,Cyanobacteriales,Chroococcidiopsaceae,Bacteria;Bacteria_none;Cyanobacteria;Cyanobacteriia;Cyanobacteriales;Chroococcidiopsaceae;Chroococcidiopsaceae_uncultured
Chroococcidiopsis PCC 7203,0.0,0.0,0.0,0.0,0.0,0.0,0.0,3.0,0.0,0.0,0.0,0.0,0.0,0.0,0.0,0.0,0.0,3.0,Bacteria,Bacteria_none,Cyanobacteria,Cyanobacteriia,Cyanobacteriales,Chroococcidiopsaceae,Bacteria;Bacteria_none;Cyanobacteria;Cyanobacteriia;Cyanobacteriales;Chroococcidiopsaceae;Chroococcidiopsis PCC 7203
Chroococcidiopsis SAG 2023,0.0,0.0,0.0,0.0,0.0,0.0,1.0,0.0,0.0,0.0,0.0,0.0,0.0,0.0,0.0,0.0,0.0,1.0,Bacteria,Bacteria_none,Cyanobacteria,Cyanobacteriia,Cyanobacteriales,Chroococcidiopsaceae,Bacteria;Bacteria_none;Cyanobacteria;Cyanobacteriia;Cyanobacteriales;Chroococcidiopsaceae;Chroococcidiopsis SAG 2023
Deinococcus,0.0,0.0,0.0,0.0,0.0,0.0,1.0,0.0,0.0,1.0,0.0,0.0,0.0,0.0,0.0,0.0,0.0,2.0,Bacteria,Bacteria_none,Deinococcota,Deinococci,Deinococcales,Deinococcaceae,Bacteria;Bacteria_none;Deinococcota;Deinococci;Deinococcales;Deinococcaceae;Deinococcus
Bacillus,0.0,0.0,0.0,6.0,0.0,3.0,2.0,0.0,0.0,1.0,5.0,0.0,0.0,0.0,0.0,0.0,0.0,17.0,Bacteria,Bacteria_none,Firmicutes,Bacilli,Bacillales,Bacillaceae,Bacteria;Bacteria_none;Firmicutes;Bacilli;Bacillales;Bacillaceae;Bacillus
Planomicrobium,0.0,0.0,0.0,1.0,0.0,0.0,0.0,0.0,0.0,0.0,0.0,0.0,0.0,0.0,0.0,0.0,0.0,1.0,Bacteria,Bacteria_none,Firmicutes,Bacilli,Bacillales,Planococcaceae,Bacteria;Bacteria_none;Firmicutes;Bacilli;Bacillales;Planococcaceae;Planomicrobium
Sporosarcina,0.0,0.0,0.0,4.0,0.0,0.0,0.0,0.0,0.0,0.0,0.0,0.0,0.0,0.0,0.0,0.0,0.0,4.0,Bacteria,Bacteria_none,Firmicutes,Bacilli,Bacillales,Planococcaceae,Bacteria;Bacteria_none;Firmicutes;Bacilli;Bacillales;Planococcaceae;Sporosarcina
Sporolactobacillus,0.0,0.0,0.0,0.0,0.0,0.0,2.0,0.0,0.0,0.0,0.0,0.0,0.0,0.0,0.0,0.0,0.0,2.0,Bacteria,Bacteria_none,Firmicutes,Bacilli,Bacillales,Sporolactobacillaceae,Bacteria;Bacteria_none;Firmicutes;Bacilli;Bacillales;Sporolactobacillaceae;Sporolactobacillus
Solobacterium,0.0,0.0,0.0,2.0,0.0,0.0,0.0,0.0,0.0,0.0,0.0,0.0,0.0,0.0,0.0,0.0,0.0,2.0,Bacteria,Bacteria_none,Firmicutes,Bacilli,Erysipelotrichales,Erysipelotrichaceae,Bacteria;Bacteria_none;Firmicutes;Bacilli;Erysipelotrichales;Erysipelotrichaceae;Solobacterium
Exiguobacterium,0.0,0.0,2.0,3.0,1.0,0.0,4.0,0.0,0.0,101.0,0.0,0.0,0.0,0.0,0.0,0.0,0.0,111.0,Bacteria,Bacteria_none,Firmicutes,Bacilli,Exiguobacterales,Exiguobacteraceae,Bacteria;Bacteria_none;Firmicutes;Bacilli;Exiguobacterales;Exiguobacteraceae;Exiguobacterium
Abiotrophia,0.0,10.0,3.0,14.0,0.0,0.0,0.0,0.0,0.0,5.0,2.0,0.0,0.0,0.0,0.0,0.0,0.0,34.0,Bacteria,Bacteria_none,Firmicutes,Bacilli,Lactobacillales,Aerococcaceae,Bacteria;Bacteria_none;Firmicutes;Bacilli;Lactobacillales;Aerococcaceae;Abiotrophia
Aerococcus,0.0,0.0,0.0,1.0,22.0,0.0,0.0,0.0,0.0,0.0,0.0,0.0,0.0,0.0,0.0,0.0,0.0,23.0,Bacteria,Bacteria_none,Firmicutes,Bacilli,Lactobacillales,Aerococcaceae,Bacteria;Bacteria_none;Firmicutes;Bacilli;Lactobacillales;Aerococcaceae;Aerococcus
Alloiococcus,0.0,0.0,0.0,0.0,0.0,0.0,0.0,0.0,0.0,0.0,1.0,0.0,0.0,0.0,0.0,0.0,0.0,1.0,Bacteria,Bacteria_none,Firmicutes,Bacilli,Lactobacillales,Carnobacteriaceae,Bacteria;Bacteria_none;Firmicutes;Bacilli;Lactobacillales;Carnobacteriaceae;Alloiococcus
Dolosigranulum,0.0,0.0,0.0,1.0,0.0,0.0,0.0,0.0,0.0,0.0,0.0,0.0,0.0,0.0,0.0,0.0,0.0,1.0,Bacteria,Bacteria_none,Firmicutes,Bacilli,Lactobacillales,Carnobacteriaceae,Bacteria;Bacteria_none;Firmicutes;Bacilli;Lactobacillales;Carnobacteriaceae;Dolosigranulum
Granulicatella,0.0,6.0,12.0,68.0,0.0,0.0,2.0,3.0,0.0,10.0,4.0,0.0,0.0,4.0,1.0,0.0,0.0,110.0,Bacteria,Bacteria_none,Firmicutes,Bacilli,Lactobacillales,Carnobacteriaceae,Bacteria;Bacteria_none;Firmicutes;Bacilli;Lactobacillales;Carnobacteriaceae;Granulicatella
Enterococcus,0.0,0.0,0.0,16.0,0.0,0.0,0.0,0.0,0.0,2.0,0.0,0.0,0.0,0.0,0.0,0.0,0.0,18.0,Bacteria,Bacteria_none,Firmicutes,Bacilli,Lactobacillales,Enterococcaceae,Bacteria;Bacteria_none;Firmicutes;Bacilli;Lactobacillales;Enterococcaceae;Enterococcus
Lacticaseibacillus,0.0,0.0,0.0,0.0,0.0,0.0,0.0,0.0,0.0,0.0,1.0,0.0,0.0,0.0,0.0,0.0,0.0,1.0,Bacteria,Bacteria_none,Firmicutes,Bacilli,Lactobacillales,Lactobacillaceae,Bacteria;Bacteria_none;Firmicutes;Bacilli;Lactobacillales;Lactobacillaceae;Lacticaseibacillus
Lactobacillus,1.0,0.0,1.0,0.0,0.0,6.0,0.0,0.0,0.0,0.0,28.0,0.0,0.0,0.0,0.0,1.0,0.0,37.0,Bacteria,Bacteria_none,Firmicutes,Bacilli,Lactobacillales,Lactobacillaceae,Bacteria;Bacteria_none;Firmicutes;Bacilli;Lactobacillales;Lactobacillaceae;Lactobacillus
Leuconostoc,0.0,0.0,0.0,0.0,0.0,0.0,0.0,0.0,0.0,4.0,0.0,0.0,0.0,0.0,0.0,0.0,0.0,4.0,Bacteria,Bacteria_none,Firmicutes,Bacilli,Lactobacillales,Lactobacillaceae,Bacteria;Bacteria_none;Firmicutes;Bacilli;Lactobacillales;Lactobacillaceae;Leuconostoc
Unclassified_P5D1-392,0.0,0.0,0.0,4.0,0.0,0.0,0.0,1.0,0.0,0.0,1.0,0.0,0.0,0.0,0.0,0.0,0.0,6.0,Bacteria,Bacteria_none,Firmicutes,Bacilli,Lactobacillales,P5D1-392,Bacteria;Bacteria_none;Firmicutes;Bacilli;Lactobacillales;P5D1-392;Unclassified_P5D1-392
Lactococcus,0.0,0.0,0.0,0.0,0.0,0.0,0.0,0.0,0.0,0.0,0.0,0.0,0.0,0.0,2.0,0.0,0.0,2.0,Bacteria,Bacteria_none,Firmicutes,Bacilli,Lactobacillales,Streptococcaceae,Bacteria;Bacteria_none;Firmicutes;Bacilli;Lactobacillales;Streptococcaceae;Lactococcus
Streptococcus,0.0,14.0,409.0,993.0,15.0,8.0,27.0,13.0,25.0,240.0,131.0,1.0,7.0,16.0,51.0,5.0,0.0,1955.0,Bacteria,Bacteria_none,Firmicutes,Bacilli,Lactobacillales,Streptococcaceae,Bacteria;Bacteria_none;Firmicutes;Bacilli;Lactobacillales;Streptococcaceae;Streptococcus
Saccharibacillus,0.0,0.0,0.0,0.0,0.0,0.0,0.0,0.0,0.0,3.0,0.0,0.0,0.0,0.0,0.0,0.0,0.0,3.0,Bacteria,Bacteria_none,Firmicutes,Bacilli,Paenibacillales,Paenibacillaceae,Bacteria;Bacteria_none;Firmicutes;Bacilli;Paenibacillales;Paenibacillaceae;Saccharibacillus
Gemella,0.0,1.0,52.0,72.0,2.0,0.0,1.0,0.0,0.0,35.0,21.0,0.0,0.0,7.0,2.0,0.0,0.0,193.0,Bacteria,Bacteria_none,Firmicutes,Bacilli,Staphylococcales,Gemellaceae,Bacteria;Bacteria_none;Firmicutes;Bacilli;Staphylococcales;Gemellaceae;Gemella
Staphylococcus,4.0,372.0,1236.0,788.0,20.0,97.0,41.0,4.0,0.0,80.0,352.0,128.0,64.0,273.0,70.0,71.0,0.0,3600.0,Bacteria,Bacteria_none,Firmicutes,Bacilli,Staphylococcales,Staphylococcaceae,Bacteria;Bacteria_none;Firmicutes;Bacilli;Staphylococcales;Staphylococcaceae;Staphylococcus
Butyrivibrio,0.0,0.0,0.0,4.0,0.0,0.0,0.0,0.0,0.0,0.0,0.0,0.0,0.0,0.0,0.0,0.0,0.0,4.0,Bacteria,Bacteria_none,Firmicutes,Clostridia,Lachnospirales,Lachnospiraceae,Bacteria;Bacteria_none;Firmicutes;Clostridia;Lachnospirales;Lachnospiraceae;Butyrivibrio
Catonella,0.0,0.0,0.0,16.0,0.0,0.0,0.0,0.0,0.0,0.0,0.0,0.0,0.0,0.0,0.0,0.0,0.0,16.0,Bacteria,Bacteria_none,Firmicutes,Clostridia,Lachnospirales,Lachnospiraceae,Bacteria;Bacteria_none;Firmicutes;Clostridia;Lachnospirales;Lachnospiraceae;Catonella
Lachnoanaerobaculum,0.0,1.0,0.0,37.0,0.0,0.0,0.0,0.0,0.0,1.0,0.0,0.0,0.0,0.0,0.0,0.0,0.0,39.0,Bacteria,Bacteria_none,Firmicutes,Clostridia,Lachnospirales,Lachnospiraceae,Bacteria;Bacteria_none;Firmicutes;Clostridia;Lachnospirales;Lachnospiraceae;Lachnoanaerobaculum
Oribacterium,0.0,0.0,0.0,89.0,0.0,0.0,1.0,0.0,0.0,0.0,2.0,0.0,0.0,0.0,0.0,0.0,0.0,92.0,Bacteria,Bacteria_none,Firmicutes,Clostridia,Lachnospirales,Lachnospiraceae,Bacteria;Bacteria_none;Firmicutes;Clostridia;Lachnospirales;Lachnospiraceae;Oribacterium
Stomatobaculum,0.0,0.0,0.0,70.0,0.0,0.0,0.0,0.0,0.0,0.0,0.0,0.0,0.0,0.0,0.0,0.0,0.0,70.0,Bacteria,Bacteria_none,Firmicutes,Clostridia,Lachnospirales,Lachnospiraceae,Bacteria;Bacteria_none;Firmicutes;Clostridia;Lachnospirales;Lachnospiraceae;Stomatobaculum
Faecalibacterium,0.0,1.0,0.0,1.0,0.0,0.0,0.0,0.0,0.0,0.0,0.0,0.0,0.0,0.0,0.0,0.0,0.0,2.0,Bacteria,Bacteria_none,Firmicutes,Clostridia,Oscillospirales,Ruminococcaceae,Bacteria;Bacteria_none;Firmicutes;Clostridia;Oscillospirales;Ruminococcaceae;Faecalibacterium
Subdoligranulum,0.0,0.0,0.0,0.0,0.0,0.0,0.0,0.0,0.0,0.0,0.0,0.0,0.0,1.0,0.0,0.0,0.0,1.0,Bacteria,Bacteria_none,Firmicutes,Clostridia,Oscillospirales,Ruminococcaceae,Bacteria;Bacteria_none;Firmicutes;Clostridia;Oscillospirales;Ruminococcaceae;Subdoligranulum
Peptococcus,0.0,0.0,0.0,1.0,0.0,0.0,0.0,0.0,0.0,0.0,0.0,0.0,0.0,0.0,0.0,0.0,0.0,1.0,Bacteria,Bacteria_none,Firmicutes,Clostridia,Peptococcales,Peptococcaceae,Bacteria;Bacteria_none;Firmicutes;Clostridia;Peptococcales;Peptococcaceae;Peptococcus
Mogibacterium,0.0,0.0,3.0,29.0,0.0,0.0,0.0,0.0,0.0,0.0,0.0,0.0,0.0,0.0,0.0,0.0,0.0,32.0,Bacteria,Bacteria_none,Firmicutes,Clostridia,Peptostreptococcales-Tissierellales,Anaerovoracaceae,Bacteria;Bacteria_none;Firmicutes;Clostridia;Peptostreptococcales-Tissierellales;Anaerovoracaceae;Mogibacterium
[Eubacterium] nodatum group,0.0,0.0,2.0,30.0,0.0,0.0,0.0,0.0,0.0,0.0,0.0,0.0,0.0,0.0,0.0,0.0,0.0,32.0,Bacteria,Bacteria_none,Firmicutes,Clostridia,Peptostreptococcales-Tissierellales,Anaerovoracaceae,Bacteria;Bacteria_none;Firmicutes;Clostridia;Peptostreptococcales-Tissierellales;Anaerovoracaceae;[Eubacterium] nodatum group
Anaerococcus,0.0,0.0,0.0,0.0,3.0,2.0,0.0,0.0,1.0,37.0,10.0,0.0,0.0,0.0,0.0,0.0,0.0,53.0,Bacteria,Bacteria_none,Firmicutes,Clostridia,Peptostreptococcales-Tissierellales,Family XI,Bacteria;Bacteria_none;Firmicutes;Clostridia;Peptostreptococcales-Tissierellales;Family XI;Anaerococcus
Ezakiella,0.0,0.0,0.0,0.0,0.0,0.0,0.0,0.0,0.0,0.0,1.0,0.0,0.0,0.0,0.0,0.0,0.0,1.0,Bacteria,Bacteria_none,Firmicutes,Clostridia,Peptostreptococcales-Tissierellales,Family XI,Bacteria;Bacteria_none;Firmicutes;Clostridia;Peptostreptococcales-Tissierellales;Family XI;Ezakiella
Finegoldia,0.0,2.0,0.0,4.0,0.0,0.0,0.0,0.0,0.0,3.0,13.0,0.0,0.0,0.0,0.0,0.0,0.0,22.0,Bacteria,Bacteria_none,Firmicutes,Clostridia,Peptostreptococcales-Tissierellales,Family XI,Bacteria;Bacteria_none;Firmicutes;Clostridia;Peptostreptococcales-Tissierellales;Family XI;Finegoldia
Parvimonas,0.0,0.0,0.0,1.0,0.0,0.0,0.0,0.0,0.0,0.0,4.0,0.0,0.0,0.0,0.0,0.0,0.0,5.0,Bacteria,Bacteria_none,Firmicutes,Clostridia,Peptostreptococcales-Tissierellales,Family XI,Bacteria;Bacteria_none;Firmicutes;Clostridia;Peptostreptococcales-Tissierellales;Family XI;Parvimonas
Peptoniphilus,0.0,0.0,0.0,0.0,0.0,0.0,0.0,0.0,0.0,0.0,3.0,0.0,0.0,0.0,26.0,0.0,0.0,29.0,Bacteria,Bacteria_none,Firmicutes,Clostridia,Peptostreptococcales-Tissierellales,Family XI,Bacteria;Bacteria_none;Firmicutes;Clostridia;Peptostreptococcales-Tissierellales;Family XI;Peptoniphilus
Peptostreptococcus,0.0,0.0,3.0,29.0,0.0,0.0,0.0,0.0,0.0,0.0,0.0,0.0,2.0,0.0,0.0,0.0,0.0,34.0,Bacteria,Bacteria_none,Firmicutes,Clostridia,Peptostreptococcales-Tissierellales,Peptostreptococcaceae,Bacteria;Bacteria_none;Firmicutes;Clostridia;Peptostreptococcales-Tissierellales;Peptostreptococcaceae;Peptostreptococcus
[Eubacterium] yurii group,0.0,0.0,0.0,1.0,0.0,0.0,0.0,0.0,0.0,0.0,0.0,0.0,0.0,0.0,0.0,0.0,0.0,1.0,Bacteria,Bacteria_none,Firmicutes,Clostridia,Peptostreptococcales-Tissierellales,Peptostreptococcaceae,Bacteria;Bacteria_none;Firmicutes;Clostridia;Peptostreptococcales-Tissierellales;Peptostreptococcaceae;[Eubacterium] yurii group
Selenomonas,0.0,0.0,0.0,40.0,0.0,0.0,0.0,0.0,0.0,0.0,0.0,0.0,0.0,0.0,0.0,0.0,0.0,40.0,Bacteria,Bacteria_none,Firmicutes,Negativicutes,Veillonellales-Selenomonadales,Selenomonadaceae,Bacteria;Bacteria_none;Firmicutes;Negativicutes;Veillonellales-Selenomonadales;Selenomonadaceae;Selenomonas
Dialister,0.0,0.0,0.0,0.0,0.0,0.0,0.0,0.0,0.0,1.0,0.0,0.0,0.0,0.0,0.0,0.0,0.0,1.0,Bacteria,Bacteria_none,Firmicutes,Negativicutes,Veillonellales-Selenomonadales,Veillonellaceae,Bacteria;Bacteria_none;Firmicutes;Negativicutes;Veillonellales-Selenomonadales;Veillonellaceae;Dialister
Megasphaera,0.0,0.0,0.0,20.0,0.0,0.0,0.0,0.0,0.0,0.0,0.0,0.0,0.0,0.0,0.0,0.0,0.0,20.0,Bacteria,Bacteria_none,Firmicutes,Negativicutes,Veillonellales-Selenomonadales,Veillonellaceae,Bacteria;Bacteria_none;Firmicutes;Negativicutes;Veillonellales-Selenomonadales;Veillonellaceae;Megasphaera
Veillonella,0.0,1.0,23.0,337.0,5.0,5.0,2.0,0.0,0.0,12.0,7.0,0.0,0.0,0.0,0.0,0.0,0.0,392.0,Bacteria,Bacteria_none,Firmicutes,Negativicutes,Veillonellales-Selenomonadales,Veillonellaceae,Bacteria;Bacteria_none;Firmicutes;Negativicutes;Veillonellales-Selenomonadales;Veillonellaceae;Veillonella
Fusobacterium,0.0,0.0,0.0,9.0,0.0,0.0,0.0,0.0,0.0,0.0,1.0,0.0,0.0,0.0,0.0,0.0,0.0,10.0,Bacteria,Bacteria_none,Fusobacteriota,Fusobacteriia,Fusobacteriales,Fusobacteriaceae,Bacteria;Bacteria_none;Fusobacteriota;Fusobacteriia;Fusobacteriales;Fusobacteriaceae;Fusobacterium
Leptotrichia,0.0,0.0,0.0,4.0,0.0,0.0,0.0,0.0,0.0,1.0,0.0,0.0,0.0,0.0,0.0,0.0,0.0,5.0,Bacteria,Bacteria_none,Fusobacteriota,Fusobacteriia,Fusobacteriales,Leptotrichiaceae,Bacteria;Bacteria_none;Fusobacteriota;Fusobacteriia;Fusobacteriales;Leptotrichiaceae;Leptotrichia
Gemmatimonadaceae_uncultured,0.0,2.0,0.0,1.0,1.0,0.0,0.0,0.0,0.0,0.0,0.0,0.0,0.0,1.0,0.0,0.0,0.0,5.0,Bacteria,Bacteria_none,Gemmatimonadota,Gemmatimonadetes,Gemmatimonadales,Gemmatimonadaceae,Bacteria;Bacteria_none;Gemmatimonadota;Gemmatimonadetes;Gemmatimonadales;Gemmatimonadaceae;Gemmatimonadaceae_uncultured
Gemmatimonas,0.0,0.0,3.0,3.0,0.0,0.0,0.0,3.0,0.0,1.0,0.0,0.0,0.0,0.0,0.0,0.0,0.0,10.0,Bacteria,Bacteria_none,Gemmatimonadota,Gemmatimonadetes,Gemmatimonadales,Gemmatimonadaceae,Bacteria;Bacteria_none;Gemmatimonadota;Gemmatimonadetes;Gemmatimonadales;Gemmatimonadaceae;Gemmatimonas
Gemmatirosa,0.0,0.0,0.0,0.0,0.0,0.0,0.0,0.0,0.0,2.0,0.0,0.0,0.0,0.0,0.0,0.0,0.0,2.0,Bacteria,Bacteria_none,Gemmatimonadota,Gemmatimonadetes,Gemmatimonadales,Gemmatimonadaceae,Bacteria;Bacteria_none;Gemmatimonadota;Gemmatimonadetes;Gemmatimonadales;Gemmatimonadaceae;Gemmatirosa
Unclassified_Longimicrobiaceae,0.0,0.0,0.0,1.0,0.0,0.0,0.0,4.0,0.0,0.0,1.0,0.0,0.0,0.0,0.0,0.0,0.0,6.0,Bacteria,Bacteria_none,Gemmatimonadota,Longimicrobia,Longimicrobiales,Longimicrobiaceae,Bacteria;Bacteria_none;Gemmatimonadota;Longimicrobia;Longimicrobiales;Longimicrobiaceae;Unclassified_Longimicrobiaceae
Haliangium,0.0,0.0,0.0,7.0,0.0,0.0,0.0,0.0,0.0,0.0,0.0,0.0,0.0,0.0,0.0,0.0,0.0,7.0,Bacteria,Bacteria_none,Myxococcota,Polyangia,Haliangiales,Haliangiaceae,Bacteria;Bacteria_none;Myxococcota;Polyangia;Haliangiales;Haliangiaceae;Haliangium
Sandaracinaceae_uncultured,0.0,0.0,0.0,3.0,0.0,0.0,0.0,0.0,0.0,0.0,0.0,0.0,0.0,0.0,0.0,0.0,0.0,3.0,Bacteria,Bacteria_none,Myxococcota,Polyangia,Polyangiales,Sandaracinaceae,Bacteria;Bacteria_none;Myxococcota;Polyangia;Polyangiales;Sandaracinaceae;Sandaracinaceae_uncultured
Nitrospira,0.0,0.0,0.0,4.0,0.0,0.0,0.0,0.0,0.0,0.0,0.0,0.0,0.0,0.0,0.0,0.0,0.0,4.0,Bacteria,Bacteria_none,Nitrospirota,Nitrospiria,Nitrospirales,Nitrospiraceae,Bacteria;Bacteria_none;Nitrospirota;Nitrospiria;Nitrospirales;Nitrospiraceae;Nitrospira
TM7x,0.0,0.0,0.0,2.0,0.0,0.0,0.0,0.0,0.0,0.0,0.0,0.0,0.0,0.0,0.0,0.0,0.0,2.0,Bacteria,Bacteria_none,Patescibacteria,Saccharimonadia,Saccharimonadales,Saccharimonadaceae,Bacteria;Bacteria_none;Patescibacteria;Saccharimonadia;Saccharimonadales;Saccharimonadaceae;TM7x
Unclassified_Saccharimonadaceae,0.0,0.0,1.0,0.0,0.0,0.0,0.0,0.0,0.0,0.0,0.0,0.0,0.0,0.0,0.0,0.0,0.0,1.0,Bacteria,Bacteria_none,Patescibacteria,Saccharimonadia,Saccharimonadales,Saccharimonadaceae,Bacteria;Bacteria_none;Patescibacteria;Saccharimonadia;Saccharimonadales;Saccharimonadaceae;Unclassified_Saccharimonadaceae
Unclassified_Tepidisphaeraceae,0.0,0.0,0.0,0.0,0.0,0.0,0.0,0.0,0.0,0.0,1.0,0.0,0.0,0.0,0.0,0.0,0.0,1.0,Bacteria,Bacteria_none,Planctomycetota,Phycisphaerae,Tepidisphaerales,Tepidisphaeraceae,Bacteria;Bacteria_none;Planctomycetota;Phycisphaerae;Tepidisphaerales;Tepidisphaeraceae;Unclassified_Tepidisphaeraceae
Fimbriiglobus,0.0,0.0,0.0,1.0,0.0,0.0,0.0,0.0,0.0,0.0,0.0,0.0,0.0,0.0,0.0,0.0,0.0,1.0,Bacteria,Bacteria_none,Planctomycetota,Planctomycetes,Gemmatales,Gemmataceae,Bacteria;Bacteria_none;Planctomycetota;Planctomycetes;Gemmatales;Gemmataceae;Fimbriiglobus
Gemmata,0.0,0.0,0.0,0.0,0.0,0.0,0.0,0.0,0.0,0.0,0.0,0.0,0.0,1.0,0.0,0.0,0.0,1.0,Bacteria,Bacteria_none,Planctomycetota,Planctomycetes,Gemmatales,Gemmataceae,Bacteria;Bacteria_none;Planctomycetota;Planctomycetes;Gemmatales;Gemmataceae;Gemmata
Pir4 lineage,0.0,0.0,0.0,0.0,0.0,0.0,0.0,0.0,0.0,0.0,0.0,1.0,0.0,0.0,0.0,0.0,0.0,1.0,Bacteria,Bacteria_none,Planctomycetota,Planctomycetes,Pirellulales,Pirellulaceae,Bacteria;Bacteria_none;Planctomycetota;Planctomycetes;Pirellulales;Pirellulaceae;Pir4 lineage
Pirellula,0.0,0.0,0.0,5.0,0.0,0.0,0.0,0.0,0.0,0.0,0.0,0.0,0.0,0.0,0.0,0.0,0.0,5.0,Bacteria,Bacteria_none,Planctomycetota,Planctomycetes,Pirellulales,Pirellulaceae,Bacteria;Bacteria_none;Planctomycetota;Planctomycetes;Pirellulales;Pirellulaceae;Pirellula
Pirellulaceae_uncultured,0.0,0.0,0.0,0.0,0.0,0.0,0.0,0.0,0.0,0.0,0.0,0.0,0.0,1.0,0.0,0.0,0.0,1.0,Bacteria,Bacteria_none,Planctomycetota,Planctomycetes,Pirellulales,Pirellulaceae,Bacteria;Bacteria_none;Planctomycetota;Planctomycetes;Pirellulales;Pirellulaceae;Pirellulaceae_uncultured
Planctomicrobium,0.0,0.0,0.0,1.0,0.0,0.0,0.0,0.0,0.0,0.0,0.0,0.0,0.0,0.0,0.0,0.0,0.0,1.0,Bacteria,Bacteria_none,Planctomycetota,Planctomycetes,Planctomycetales,Rubinisphaeraceae,Bacteria;Bacteria_none;Planctomycetota;Planctomycetes;Planctomycetales;Rubinisphaeraceae;Planctomicrobium
Acetobacteraceae_uncultured,0.0,0.0,0.0,4.0,0.0,0.0,0.0,0.0,1.0,0.0,0.0,0.0,0.0,0.0,0.0,1.0,0.0,6.0,Bacteria,Bacteria_none,Proteobacteria,Alphaproteobacteria,Acetobacterales,Acetobacteraceae,Bacteria;Bacteria_none;Proteobacteria;Alphaproteobacteria;Acetobacterales;Acetobacteraceae;Acetobacteraceae_uncultured
Belnapia,0.0,0.0,0.0,0.0,0.0,0.0,0.0,0.0,0.0,1.0,0.0,0.0,0.0,0.0,0.0,0.0,0.0,1.0,Bacteria,Bacteria_none,Proteobacteria,Alphaproteobacteria,Acetobacterales,Acetobacteraceae,Bacteria;Bacteria_none;Proteobacteria;Alphaproteobacteria;Acetobacterales;Acetobacteraceae;Belnapia
Craurococcus-Caldovatus,0.0,0.0,0.0,1.0,0.0,4.0,0.0,0.0,0.0,6.0,1.0,0.0,0.0,0.0,0.0,0.0,0.0,12.0,Bacteria,Bacteria_none,Proteobacteria,Alphaproteobacteria,Acetobacterales,Acetobacteraceae,Bacteria;Bacteria_none;Proteobacteria;Alphaproteobacteria;Acetobacterales;Acetobacteraceae;Craurococcus-Caldovatus
Rhodovarius,0.0,0.0,0.0,2.0,0.0,0.0,0.0,0.0,0.0,0.0,0.0,0.0,0.0,0.0,0.0,0.0,0.0,2.0,Bacteria,Bacteria_none,Proteobacteria,Alphaproteobacteria,Acetobacterales,Acetobacteraceae,Bacteria;Bacteria_none;Proteobacteria;Alphaproteobacteria;Acetobacterales;Acetobacteraceae;Rhodovarius
Roseomonas,0.0,0.0,2.0,4.0,0.0,0.0,0.0,0.0,0.0,5.0,3.0,0.0,0.0,0.0,1.0,1.0,0.0,16.0,Bacteria,Bacteria_none,Proteobacteria,Alphaproteobacteria,Acetobacterales,Acetobacteraceae,Bacteria;Bacteria_none;Proteobacteria;Alphaproteobacteria;Acetobacterales;Acetobacteraceae;Roseomonas
Brevundimonas,0.0,0.0,0.0,0.0,0.0,0.0,0.0,2.0,0.0,1.0,3.0,0.0,0.0,0.0,0.0,0.0,0.0,6.0,Bacteria,Bacteria_none,Proteobacteria,Alphaproteobacteria,Caulobacterales,Caulobacteraceae,Bacteria;Bacteria_none;Proteobacteria;Alphaproteobacteria;Caulobacterales;Caulobacteraceae;Brevundimonas
Caulobacteraceae_uncultured,0.0,0.0,0.0,1.0,0.0,0.0,0.0,0.0,0.0,0.0,0.0,0.0,0.0,0.0,0.0,0.0,0.0,1.0,Bacteria,Bacteria_none,Proteobacteria,Alphaproteobacteria,Caulobacterales,Caulobacteraceae,Bacteria;Bacteria_none;Proteobacteria;Alphaproteobacteria;Caulobacterales;Caulobacteraceae;Caulobacteraceae_uncultured
SWB02,0.0,0.0,0.0,3.0,0.0,0.0,0.0,0.0,0.0,0.0,0.0,0.0,0.0,0.0,0.0,0.0,0.0,3.0,Bacteria,Bacteria_none,Proteobacteria,Alphaproteobacteria,Caulobacterales,Hyphomonadaceae,Bacteria;Bacteria_none;Proteobacteria;Alphaproteobacteria;Caulobacterales;Hyphomonadaceae;SWB02
Unclassified_Micavibrionales_uncultured,0.0,0.0,1.0,0.0,0.0,0.0,0.0,0.0,0.0,0.0,0.0,0.0,0.0,0.0,0.0,0.0,0.0,1.0,Bacteria,Bacteria_none,Proteobacteria,Alphaproteobacteria,Micavibrionales,Micavibrionales_uncultured,Bacteria;Bacteria_none;Proteobacteria;Alphaproteobacteria;Micavibrionales;Micavibrionales_uncultured;Unclassified_Micavibrionales_uncultured
Constrictibacter,0.0,0.0,0.0,1.0,0.0,0.0,0.0,0.0,0.0,0.0,0.0,0.0,0.0,0.0,0.0,0.0,0.0,1.0,Bacteria,Bacteria_none,Proteobacteria,Alphaproteobacteria,Puniceispirillales,Puniceispirillales Incertae Sedis,Bacteria;Bacteria_none;Proteobacteria;Alphaproteobacteria;Puniceispirillales;Puniceispirillales Incertae Sedis;Constrictibacter
Reyranella,0.0,0.0,0.0,1.0,0.0,0.0,0.0,0.0,0.0,0.0,0.0,0.0,0.0,0.0,0.0,0.0,0.0,1.0,Bacteria,Bacteria_none,Proteobacteria,Alphaproteobacteria,Reyranellales,Reyranellaceae,Bacteria;Bacteria_none;Proteobacteria;Alphaproteobacteria;Reyranellales;Reyranellaceae;Reyranella
Beijerinckiaceae_uncultured,0.0,0.0,0.0,2.0,0.0,0.0,0.0,0.0,1.0,0.0,1.0,0.0,0.0,0.0,0.0,0.0,0.0,4.0,Bacteria,Bacteria_none,Proteobacteria,Alphaproteobacteria,Rhizobiales,Beijerinckiaceae,Bacteria;Bacteria_none;Proteobacteria;Alphaproteobacteria;Rhizobiales;Beijerinckiaceae;Beijerinckiaceae_uncultured
Bosea,0.0,0.0,0.0,0.0,0.0,0.0,0.0,0.0,0.0,1.0,0.0,0.0,0.0,0.0,0.0,0.0,0.0,1.0,Bacteria,Bacteria_none,Proteobacteria,Alphaproteobacteria,Rhizobiales,Beijerinckiaceae,Bacteria;Bacteria_none;Proteobacteria;Alphaproteobacteria;Rhizobiales;Beijerinckiaceae;Bosea
Methylobacterium-Methylorubrum,0.0,0.0,0.0,4.0,0.0,0.0,0.0,0.0,2.0,11.0,9.0,0.0,0.0,0.0,0.0,1.0,0.0,27.0,Bacteria,Bacteria_none,Proteobacteria,Alphaproteobacteria,Rhizobiales,Beijerinckiaceae,Bacteria;Bacteria_none;Proteobacteria;Alphaproteobacteria;Rhizobiales;Beijerinckiaceae;Methylobacterium-Methylorubrum
Methylorosula,0.0,0.0,0.0,1.0,0.0,0.0,0.0,0.0,0.0,0.0,0.0,0.0,0.0,0.0,0.0,0.0,0.0,1.0,Bacteria,Bacteria_none,Proteobacteria,Alphaproteobacteria,Rhizobiales,Beijerinckiaceae,Bacteria;Bacteria_none;Proteobacteria;Alphaproteobacteria;Rhizobiales;Beijerinckiaceae;Methylorosula
Microvirga,0.0,0.0,0.0,13.0,0.0,0.0,0.0,0.0,0.0,14.0,0.0,0.0,0.0,0.0,0.0,0.0,0.0,27.0,Bacteria,Bacteria_none,Proteobacteria,Alphaproteobacteria,Rhizobiales,Beijerinckiaceae,Bacteria;Bacteria_none;Proteobacteria;Alphaproteobacteria;Rhizobiales;Beijerinckiaceae;Microvirga
Devosia,0.0,0.0,0.0,0.0,0.0,0.0,0.0,0.0,0.0,3.0,2.0,0.0,0.0,0.0,0.0,0.0,0.0,5.0,Bacteria,Bacteria_none,Proteobacteria,Alphaproteobacteria,Rhizobiales,Devosiaceae,Bacteria;Bacteria_none;Proteobacteria;Alphaproteobacteria;Rhizobiales;Devosiaceae;Devosia
Allorhizobium-Neorhizobium-Pararhizobium-Rhizobium,0.0,0.0,0.0,1.0,0.0,0.0,0.0,0.0,0.0,7.0,1.0,0.0,0.0,0.0,0.0,0.0,0.0,9.0,Bacteria,Bacteria_none,Proteobacteria,Alphaproteobacteria,Rhizobiales,Rhizobiaceae,Bacteria;Bacteria_none;Proteobacteria;Alphaproteobacteria;Rhizobiales;Rhizobiaceae;Allorhizobium-Neorhizobium-Pararhizobium-Rhizobium
Aminobacter,0.0,0.0,0.0,0.0,0.0,0.0,0.0,0.0,0.0,1.0,0.0,0.0,0.0,0.0,0.0,0.0,0.0,1.0,Bacteria,Bacteria_none,Proteobacteria,Alphaproteobacteria,Rhizobiales,Rhizobiaceae,Bacteria;Bacteria_none;Proteobacteria;Alphaproteobacteria;Rhizobiales;Rhizobiaceae;Aminobacter
Aureimonas,0.0,0.0,7.0,0.0,1.0,0.0,0.0,0.0,0.0,0.0,0.0,0.0,0.0,0.0,0.0,0.0,0.0,8.0,Bacteria,Bacteria_none,Proteobacteria,Alphaproteobacteria,Rhizobiales,Rhizobiaceae,Bacteria;Bacteria_none;Proteobacteria;Alphaproteobacteria;Rhizobiales;Rhizobiaceae;Aureimonas
Mesorhizobium,0.0,0.0,3.0,0.0,0.0,0.0,0.0,0.0,0.0,4.0,0.0,0.0,0.0,0.0,0.0,0.0,0.0,7.0,Bacteria,Bacteria_none,Proteobacteria,Alphaproteobacteria,Rhizobiales,Rhizobiaceae,Bacteria;Bacteria_none;Proteobacteria;Alphaproteobacteria;Rhizobiales;Rhizobiaceae;Mesorhizobium
Shinella,0.0,0.0,0.0,0.0,0.0,0.0,0.0,0.0,0.0,1.0,0.0,0.0,0.0,0.0,0.0,0.0,0.0,1.0,Bacteria,Bacteria_none,Proteobacteria,Alphaproteobacteria,Rhizobiales,Rhizobiaceae,Bacteria;Bacteria_none;Proteobacteria;Alphaproteobacteria;Rhizobiales;Rhizobiaceae;Shinella
Unclassified_Rhizobiaceae,0.0,0.0,0.0,1.0,0.0,0.0,0.0,0.0,0.0,0.0,0.0,0.0,0.0,0.0,0.0,0.0,0.0,1.0,Bacteria,Bacteria_none,Proteobacteria,Alphaproteobacteria,Rhizobiales,Rhizobiaceae,Bacteria;Bacteria_none;Proteobacteria;Alphaproteobacteria;Rhizobiales;Rhizobiaceae;Unclassified_Rhizobiaceae
Unclassified_Rhizobiales_uncultured,0.0,1.0,0.0,3.0,0.0,0.0,0.0,0.0,0.0,0.0,1.0,0.0,0.0,0.0,0.0,0.0,0.0,5.0,Bacteria,Bacteria_none,Proteobacteria,Alphaproteobacteria,Rhizobiales,Rhizobiales_uncultured,Bacteria;Bacteria_none;Proteobacteria;Alphaproteobacteria;Rhizobiales;Rhizobiales_uncultured;Unclassified_Rhizobiales_uncultured
Rhodomicrobium,0.0,0.0,0.0,0.0,0.0,0.0,0.0,0.0,0.0,0.0,0.0,0.0,0.0,5.0,0.0,0.0,0.0,5.0,Bacteria,Bacteria_none,Proteobacteria,Alphaproteobacteria,Rhizobiales,Rhodomicrobiaceae,Bacteria;Bacteria_none;Proteobacteria;Alphaproteobacteria;Rhizobiales;Rhodomicrobiaceae;Rhodomicrobium
Bradyrhizobium,0.0,4.0,10.0,3.0,0.0,1.0,0.0,3.0,1.0,0.0,0.0,0.0,0.0,0.0,0.0,2.0,0.0,24.0,Bacteria,Bacteria_none,Proteobacteria,Alphaproteobacteria,Rhizobiales,Xanthobacteraceae,Bacteria;Bacteria_none;Proteobacteria;Alphaproteobacteria;Rhizobiales;Xanthobacteraceae;Bradyrhizobium
Pseudolabrys,0.0,0.0,0.0,1.0,0.0,0.0,0.0,0.0,0.0,0.0,0.0,0.0,0.0,0.0,0.0,0.0,0.0,1.0,Bacteria,Bacteria_none,Proteobacteria,Alphaproteobacteria,Rhizobiales,Xanthobacteraceae,Bacteria;Bacteria_none;Proteobacteria;Alphaproteobacteria;Rhizobiales;Xanthobacteraceae;Pseudolabrys
Rhodopseudomonas,0.0,0.0,0.0,0.0,0.0,0.0,0.0,0.0,0.0,1.0,0.0,0.0,0.0,0.0,0.0,0.0,0.0,1.0,Bacteria,Bacteria_none,Proteobacteria,Alphaproteobacteria,Rhizobiales,Xanthobacteraceae,Bacteria;Bacteria_none;Proteobacteria;Alphaproteobacteria;Rhizobiales;Xanthobacteraceae;Rhodopseudomonas
Xanthobacteraceae_uncultured,0.0,0.0,0.0,0.0,0.0,0.0,0.0,0.0,0.0,4.0,0.0,0.0,0.0,0.0,0.0,0.0,0.0,4.0,Bacteria,Bacteria_none,Proteobacteria,Alphaproteobacteria,Rhizobiales,Xanthobacteraceae,Bacteria;Bacteria_none;Proteobacteria;Alphaproteobacteria;Rhizobiales;Xanthobacteraceae;Xanthobacteraceae_uncultured
Amaricoccus,0.0,0.0,3.0,0.0,0.0,0.0,0.0,0.0,0.0,0.0,0.0,0.0,0.0,0.0,0.0,0.0,0.0,3.0,Bacteria,Bacteria_none,Proteobacteria,Alphaproteobacteria,Rhodobacterales,Rhodobacteraceae,Bacteria;Bacteria_none;Proteobacteria;Alphaproteobacteria;Rhodobacterales;Rhodobacteraceae;Amaricoccus
Falsirhodobacter,0.0,0.0,1.0,0.0,0.0,0.0,0.0,0.0,0.0,5.0,0.0,0.0,0.0,0.0,0.0,0.0,0.0,6.0,Bacteria,Bacteria_none,Proteobacteria,Alphaproteobacteria,Rhodobacterales,Rhodobacteraceae,Bacteria;Bacteria_none;Proteobacteria;Alphaproteobacteria;Rhodobacterales;Rhodobacteraceae;Falsirhodobacter
Paracoccus,0.0,0.0,16.0,44.0,1.0,3.0,1.0,0.0,0.0,1.0,12.0,1.0,0.0,6.0,0.0,1.0,0.0,86.0,Bacteria,Bacteria_none,Proteobacteria,Alphaproteobacteria,Rhodobacterales,Rhodobacteraceae,Bacteria;Bacteria_none;Proteobacteria;Alphaproteobacteria;Rhodobacterales;Rhodobacteraceae;Paracoccus
Rubellimicrobium,0.0,0.0,0.0,2.0,0.0,0.0,0.0,0.0,0.0,1.0,0.0,0.0,0.0,0.0,0.0,0.0,0.0,3.0,Bacteria,Bacteria_none,Proteobacteria,Alphaproteobacteria,Rhodobacterales,Rhodobacteraceae,Bacteria;Bacteria_none;Proteobacteria;Alphaproteobacteria;Rhodobacterales;Rhodobacteraceae;Rubellimicrobium
Tabrizicola,0.0,0.0,0.0,0.0,0.0,0.0,0.0,0.0,0.0,0.0,0.0,0.0,0.0,0.0,0.0,1.0,0.0,1.0,Bacteria,Bacteria_none,Proteobacteria,Alphaproteobacteria,Rhodobacterales,Rhodobacteraceae,Bacteria;Bacteria_none;Proteobacteria;Alphaproteobacteria;Rhodobacterales;Rhodobacteraceae;Tabrizicola
Unclassified_Rhodobacteraceae,0.0,0.0,0.0,0.0,0.0,0.0,0.0,0.0,0.0,0.0,0.0,0.0,0.0,0.0,0.0,1.0,0.0,1.0,Bacteria,Bacteria_none,Proteobacteria,Alphaproteobacteria,Rhodobacterales,Rhodobacteraceae,Bacteria;Bacteria_none;Proteobacteria;Alphaproteobacteria;Rhodobacterales;Rhodobacteraceae;Unclassified_Rhodobacteraceae
Rhodospirillaceae_uncultured,0.0,0.0,0.0,1.0,0.0,0.0,0.0,0.0,0.0,0.0,0.0,0.0,0.0,0.0,0.0,0.0,0.0,1.0,Bacteria,Bacteria_none,Proteobacteria,Alphaproteobacteria,Rhodospirillales,Rhodospirillaceae,Bacteria;Bacteria_none;Proteobacteria;Alphaproteobacteria;Rhodospirillales;Rhodospirillaceae;Rhodospirillaceae_uncultured
Unclassified_AB1,0.0,0.0,0.0,0.0,0.0,0.0,0.0,0.0,0.0,0.0,0.0,2.0,0.0,0.0,0.0,0.0,0.0,2.0,Bacteria,Bacteria_none,Proteobacteria,Alphaproteobacteria,Rickettsiales,AB1,Bacteria;Bacteria_none;Proteobacteria;Alphaproteobacteria;Rickettsiales;AB1;Unclassified_AB1
Unclassified_Mitochondria,0.0,0.0,0.0,0.0,0.0,0.0,0.0,0.0,0.0,1.0,0.0,0.0,0.0,0.0,0.0,0.0,0.0,1.0,Bacteria,Bacteria_none,Proteobacteria,Alphaproteobacteria,Rickettsiales,Mitochondria,Bacteria;Bacteria_none;Proteobacteria;Alphaproteobacteria;Rickettsiales;Mitochondria;Unclassified_Mitochondria
Altererythrobacter,0.0,0.0,0.0,0.0,0.0,0.0,0.0,0.0,0.0,0.0,0.0,0.0,0.0,1.0,0.0,0.0,0.0,1.0,Bacteria,Bacteria_none,Proteobacteria,Alphaproteobacteria,Sphingomonadales,Sphingomonadaceae,Bacteria;Bacteria_none;Proteobacteria;Alphaproteobacteria;Sphingomonadales;Sphingomonadaceae;Altererythrobacter
Ellin6055,0.0,0.0,0.0,1.0,0.0,0.0,0.0,0.0,0.0,0.0,0.0,0.0,0.0,0.0,0.0,0.0,0.0,1.0,Bacteria,Bacteria_none,Proteobacteria,Alphaproteobacteria,Sphingomonadales,Sphingomonadaceae,Bacteria;Bacteria_none;Proteobacteria;Alphaproteobacteria;Sphingomonadales;Sphingomonadaceae;Ellin6055
Novosphingobium,0.0,0.0,0.0,0.0,0.0,0.0,0.0,0.0,0.0,3.0,0.0,0.0,0.0,0.0,0.0,0.0,0.0,3.0,Bacteria,Bacteria_none,Proteobacteria,Alphaproteobacteria,Sphingomonadales,Sphingomonadaceae,Bacteria;Bacteria_none;Proteobacteria;Alphaproteobacteria;Sphingomonadales;Sphingomonadaceae;Novosphingobium
Qipengyuania,0.0,0.0,0.0,0.0,0.0,0.0,0.0,0.0,0.0,2.0,0.0,0.0,0.0,0.0,0.0,0.0,0.0,2.0,Bacteria,Bacteria_none,Proteobacteria,Alphaproteobacteria,Sphingomonadales,Sphingomonadaceae,Bacteria;Bacteria_none;Proteobacteria;Alphaproteobacteria;Sphingomonadales;Sphingomonadaceae;Qipengyuania
Sphingobium,0.0,0.0,10.0,3.0,8.0,0.0,1.0,0.0,0.0,0.0,5.0,0.0,0.0,2.0,0.0,1.0,0.0,30.0,Bacteria,Bacteria_none,Proteobacteria,Alphaproteobacteria,Sphingomonadales,Sphingomonadaceae,Bacteria;Bacteria_none;Proteobacteria;Alphaproteobacteria;Sphingomonadales;Sphingomonadaceae;Sphingobium
Sphingomonas,0.0,1.0,3.0,4.0,0.0,0.0,0.0,3.0,0.0,12.0,8.0,0.0,0.0,3.0,0.0,0.0,0.0,34.0,Bacteria,Bacteria_none,Proteobacteria,Alphaproteobacteria,Sphingomonadales,Sphingomonadaceae,Bacteria;Bacteria_none;Proteobacteria;Alphaproteobacteria;Sphingomonadales;Sphingomonadaceae;Sphingomonas
Sphingopyxis,0.0,0.0,0.0,0.0,0.0,0.0,0.0,0.0,0.0,0.0,1.0,0.0,0.0,0.0,0.0,0.0,0.0,1.0,Bacteria,Bacteria_none,Proteobacteria,Alphaproteobacteria,Sphingomonadales,Sphingomonadaceae,Bacteria;Bacteria_none;Proteobacteria;Alphaproteobacteria;Sphingomonadales;Sphingomonadaceae;Sphingopyxis
Unclassified_Sphingomonadaceae,0.0,0.0,0.0,0.0,0.0,0.0,0.0,0.0,0.0,1.0,1.0,0.0,0.0,0.0,0.0,0.0,0.0,2.0,Bacteria,Bacteria_none,Proteobacteria,Alphaproteobacteria,Sphingomonadales,Sphingomonadaceae,Bacteria;Bacteria_none;Proteobacteria;Alphaproteobacteria;Sphingomonadales;Sphingomonadaceae;Unclassified_Sphingomonadaceae
Candidatus Alysiosphaera,0.0,0.0,18.0,0.0,0.0,0.0,0.0,0.0,0.0,0.0,0.0,0.0,0.0,0.0,0.0,0.0,0.0,18.0,Bacteria,Bacteria_none,Proteobacteria,Alphaproteobacteria,Tistrellales,Geminicoccaceae,Bacteria;Bacteria_none;Proteobacteria;Alphaproteobacteria;Tistrellales;Geminicoccaceae;Candidatus Alysiosphaera
Geminicoccaceae_uncultured,0.0,0.0,0.0,1.0,0.0,0.0,0.0,0.0,0.0,0.0,0.0,0.0,0.0,0.0,0.0,0.0,0.0,1.0,Bacteria,Bacteria_none,Proteobacteria,Alphaproteobacteria,Tistrellales,Geminicoccaceae,Bacteria;Bacteria_none;Proteobacteria;Alphaproteobacteria;Tistrellales;Geminicoccaceae;Geminicoccaceae_uncultured
Lautropia,0.0,0.0,0.0,4.0,0.0,0.0,0.0,0.0,0.0,0.0,1.0,0.0,0.0,0.0,0.0,1.0,0.0,6.0,Bacteria,Bacteria_none,Proteobacteria,Gammaproteobacteria,Burkholderiales,Burkholderiaceae,Bacteria;Bacteria_none;Proteobacteria;Gammaproteobacteria;Burkholderiales;Burkholderiaceae;Lautropia
Ralstonia,0.0,0.0,0.0,5.0,0.0,0.0,1.0,0.0,0.0,1.0,8.0,0.0,0.0,0.0,0.0,1.0,0.0,16.0,Bacteria,Bacteria_none,Proteobacteria,Gammaproteobacteria,Burkholderiales,Burkholderiaceae,Bacteria;Bacteria_none;Proteobacteria;Gammaproteobacteria;Burkholderiales;Burkholderiaceae;Ralstonia
Acidovorax,0.0,0.0,4.0,0.0,0.0,0.0,0.0,0.0,0.0,2.0,4.0,0.0,0.0,0.0,0.0,0.0,0.0,10.0,Bacteria,Bacteria_none,Proteobacteria,Gammaproteobacteria,Burkholderiales,Comamonadaceae,Bacteria;Bacteria_none;Proteobacteria;Gammaproteobacteria;Burkholderiales;Comamonadaceae;Acidovorax
Comamonadaceae_uncultured,0.0,0.0,1.0,0.0,0.0,0.0,0.0,0.0,0.0,0.0,0.0,0.0,0.0,0.0,0.0,0.0,0.0,1.0,Bacteria,Bacteria_none,Proteobacteria,Gammaproteobacteria,Burkholderiales,Comamonadaceae,Bacteria;Bacteria_none;Proteobacteria;Gammaproteobacteria;Burkholderiales;Comamonadaceae;Comamonadaceae_uncultured
Delftia,0.0,0.0,0.0,3.0,0.0,0.0,0.0,0.0,0.0,0.0,0.0,0.0,0.0,0.0,0.0,0.0,0.0,3.0,Bacteria,Bacteria_none,Proteobacteria,Gammaproteobacteria,Burkholderiales,Comamonadaceae,Bacteria;Bacteria_none;Proteobacteria;Gammaproteobacteria;Burkholderiales;Comamonadaceae;Delftia
Ideonella,0.0,0.0,0.0,0.0,0.0,0.0,0.0,0.0,0.0,0.0,0.0,0.0,0.0,6.0,0.0,0.0,0.0,6.0,Bacteria,Bacteria_none,Proteobacteria,Gammaproteobacteria,Burkholderiales,Comamonadaceae,Bacteria;Bacteria_none;Proteobacteria;Gammaproteobacteria;Burkholderiales;Comamonadaceae;Ideonella
Limnohabitans,0.0,0.0,0.0,0.0,0.0,0.0,1.0,0.0,0.0,0.0,0.0,0.0,0.0,0.0,0.0,0.0,0.0,1.0,Bacteria,Bacteria_none,Proteobacteria,Gammaproteobacteria,Burkholderiales,Comamonadaceae,Bacteria;Bacteria_none;Proteobacteria;Gammaproteobacteria;Burkholderiales;Comamonadaceae;Limnohabitans
Paucibacter,0.0,0.0,0.0,0.0,1.0,0.0,0.0,2.0,0.0,0.0,0.0,0.0,0.0,0.0,0.0,0.0,0.0,3.0,Bacteria,Bacteria_none,Proteobacteria,Gammaproteobacteria,Burkholderiales,Comamonadaceae,Bacteria;Bacteria_none;Proteobacteria;Gammaproteobacteria;Burkholderiales;Comamonadaceae;Paucibacter
Pelomonas,0.0,0.0,0.0,0.0,3.0,0.0,0.0,0.0,0.0,0.0,0.0,0.0,0.0,0.0,0.0,0.0,0.0,3.0,Bacteria,Bacteria_none,Proteobacteria,Gammaproteobacteria,Burkholderiales,Comamonadaceae,Bacteria;Bacteria_none;Proteobacteria;Gammaproteobacteria;Burkholderiales;Comamonadaceae;Pelomonas
Pseudorhodoferax,0.0,0.0,0.0,0.0,0.0,0.0,0.0,0.0,0.0,0.0,2.0,0.0,0.0,0.0,0.0,0.0,0.0,2.0,Bacteria,Bacteria_none,Proteobacteria,Gammaproteobacteria,Burkholderiales,Comamonadaceae,Bacteria;Bacteria_none;Proteobacteria;Gammaproteobacteria;Burkholderiales;Comamonadaceae;Pseudorhodoferax
Ramlibacter,0.0,0.0,0.0,1.0,0.0,0.0,0.0,0.0,0.0,0.0,4.0,0.0,0.0,0.0,0.0,0.0,0.0,5.0,Bacteria,Bacteria_none,Proteobacteria,Gammaproteobacteria,Burkholderiales,Comamonadaceae,Bacteria;Bacteria_none;Proteobacteria;Gammaproteobacteria;Burkholderiales;Comamonadaceae;Ramlibacter
Rhizobacter,0.0,0.0,0.0,1.0,0.0,0.0,0.0,0.0,0.0,0.0,2.0,0.0,0.0,0.0,0.0,0.0,0.0,3.0,Bacteria,Bacteria_none,Proteobacteria,Gammaproteobacteria,Burkholderiales,Comamonadaceae,Bacteria;Bacteria_none;Proteobacteria;Gammaproteobacteria;Burkholderiales;Comamonadaceae;Rhizobacter
Schlegelella,0.0,0.0,0.0,3.0,0.0,0.0,0.0,0.0,0.0,0.0,0.0,0.0,2.0,0.0,0.0,0.0,0.0,5.0,Bacteria,Bacteria_none,Proteobacteria,Gammaproteobacteria,Burkholderiales,Comamonadaceae,Bacteria;Bacteria_none;Proteobacteria;Gammaproteobacteria;Burkholderiales;Comamonadaceae;Schlegelella
Xenophilus,0.0,0.0,0.0,0.0,0.0,0.0,0.0,0.0,0.0,3.0,2.0,0.0,0.0,0.0,0.0,0.0,0.0,5.0,Bacteria,Bacteria_none,Proteobacteria,Gammaproteobacteria,Burkholderiales,Comamonadaceae,Bacteria;Bacteria_none;Proteobacteria;Gammaproteobacteria;Burkholderiales;Comamonadaceae;Xenophilus
Xylophilus,0.0,0.0,0.0,0.0,0.0,0.0,0.0,0.0,0.0,2.0,0.0,0.0,0.0,0.0,0.0,0.0,0.0,2.0,Bacteria,Bacteria_none,Proteobacteria,Gammaproteobacteria,Burkholderiales,Comamonadaceae,Bacteria;Bacteria_none;Proteobacteria;Gammaproteobacteria;Burkholderiales;Comamonadaceae;Xylophilus
Tepidiphilus,0.0,0.0,0.0,0.0,0.0,0.0,1.0,0.0,0.0,0.0,1.0,0.0,0.0,0.0,0.0,0.0,0.0,2.0,Bacteria,Bacteria_none,Proteobacteria,Gammaproteobacteria,Burkholderiales,Hydrogenophilaceae,Bacteria;Bacteria_none;Proteobacteria;Gammaproteobacteria;Burkholderiales;Hydrogenophilaceae;Tepidiphilus
Conchiformibius,0.0,0.0,0.0,0.0,0.0,0.0,0.0,1.0,0.0,0.0,0.0,0.0,0.0,0.0,0.0,0.0,0.0,1.0,Bacteria,Bacteria_none,Proteobacteria,Gammaproteobacteria,Burkholderiales,Neisseriaceae,Bacteria;Bacteria_none;Proteobacteria;Gammaproteobacteria;Burkholderiales;Neisseriaceae;Conchiformibius
Eikenella,0.0,0.0,0.0,2.0,0.0,0.0,0.0,0.0,0.0,0.0,0.0,0.0,0.0,0.0,0.0,0.0,0.0,2.0,Bacteria,Bacteria_none,Proteobacteria,Gammaproteobacteria,Burkholderiales,Neisseriaceae,Bacteria;Bacteria_none;Proteobacteria;Gammaproteobacteria;Burkholderiales;Neisseriaceae;Eikenella
Kingella,0.0,0.0,5.0,0.0,0.0,0.0,0.0,0.0,0.0,0.0,0.0,0.0,0.0,0.0,0.0,0.0,0.0,5.0,Bacteria,Bacteria_none,Proteobacteria,Gammaproteobacteria,Burkholderiales,Neisseriaceae,Bacteria;Bacteria_none;Proteobacteria;Gammaproteobacteria;Burkholderiales;Neisseriaceae;Kingella
Neisseria,0.0,1.0,38.0,33.0,0.0,0.0,6.0,28.0,0.0,10.0,4.0,0.0,0.0,0.0,1.0,0.0,0.0,121.0,Bacteria,Bacteria_none,Proteobacteria,Gammaproteobacteria,Burkholderiales,Neisseriaceae,Bacteria;Bacteria_none;Proteobacteria;Gammaproteobacteria;Burkholderiales;Neisseriaceae;Neisseria
Neisseriaceae_uncultured,0.0,0.0,0.0,0.0,167.0,191.0,134.0,2.0,0.0,1.0,0.0,0.0,0.0,0.0,0.0,266.0,0.0,761.0,Bacteria,Bacteria_none,Proteobacteria,Gammaproteobacteria,Burkholderiales,Neisseriaceae,Bacteria;Bacteria_none;Proteobacteria;Gammaproteobacteria;Burkholderiales;Neisseriaceae;Neisseriaceae_uncultured
Ellin6067,0.0,3.0,0.0,0.0,0.0,0.0,0.0,0.0,0.0,0.0,0.0,0.0,0.0,0.0,0.0,0.0,0.0,3.0,Bacteria,Bacteria_none,Proteobacteria,Gammaproteobacteria,Burkholderiales,Nitrosomonadaceae,Bacteria;Bacteria_none;Proteobacteria;Gammaproteobacteria;Burkholderiales;Nitrosomonadaceae;Ellin6067
MND1,0.0,1.0,0.0,20.0,0.0,0.0,0.0,0.0,0.0,0.0,0.0,0.0,0.0,0.0,0.0,0.0,0.0,21.0,Bacteria,Bacteria_none,Proteobacteria,Gammaproteobacteria,Burkholderiales,Nitrosomonadaceae,Bacteria;Bacteria_none;Proteobacteria;Gammaproteobacteria;Burkholderiales;Nitrosomonadaceae;MND1
Nitrosomonas,2.0,8.0,51.0,9.0,0.0,9.0,7.0,0.0,1.0,63.0,1079.0,0.0,0.0,5.0,1.0,20.0,1882.0,3137.0,Bacteria,Bacteria_none,Proteobacteria,Gammaproteobacteria,Burkholderiales,Nitrosomonadaceae,Bacteria;Bacteria_none;Proteobacteria;Gammaproteobacteria;Burkholderiales;Nitrosomonadaceae;Nitrosomonas
mle1-7,0.0,0.0,0.0,1.0,0.0,0.0,0.0,0.0,0.0,0.0,0.0,0.0,0.0,0.0,0.0,0.0,0.0,1.0,Bacteria,Bacteria_none,Proteobacteria,Gammaproteobacteria,Burkholderiales,Nitrosomonadaceae,Bacteria;Bacteria_none;Proteobacteria;Gammaproteobacteria;Burkholderiales;Nitrosomonadaceae;mle1-7
Massilia,0.0,0.0,0.0,0.0,0.0,0.0,0.0,0.0,0.0,32.0,14.0,0.0,0.0,0.0,0.0,0.0,0.0,46.0,Bacteria,Bacteria_none,Proteobacteria,Gammaproteobacteria,Burkholderiales,Oxalobacteraceae,Bacteria;Bacteria_none;Proteobacteria;Gammaproteobacteria;Burkholderiales;Oxalobacteraceae;Massilia
Unclassified_SC-I-84,0.0,0.0,0.0,16.0,0.0,0.0,0.0,0.0,0.0,0.0,0.0,0.0,0.0,1.0,0.0,0.0,0.0,17.0,Bacteria,Bacteria_none,Proteobacteria,Gammaproteobacteria,Burkholderiales,SC-I-84,Bacteria;Bacteria_none;Proteobacteria;Gammaproteobacteria;Burkholderiales;SC-I-84;Unclassified_SC-I-84
Unclassified_TRA3-20,0.0,0.0,0.0,5.0,0.0,0.0,0.0,0.0,0.0,0.0,0.0,0.0,0.0,1.0,0.0,0.0,0.0,6.0,Bacteria,Bacteria_none,Proteobacteria,Gammaproteobacteria,Burkholderiales,TRA3-20,Bacteria;Bacteria_none;Proteobacteria;Gammaproteobacteria;Burkholderiales;TRA3-20;Unclassified_TRA3-20
Alteromonas,0.0,0.0,0.0,0.0,0.0,0.0,0.0,0.0,0.0,0.0,0.0,0.0,1.0,0.0,0.0,0.0,0.0,1.0,Bacteria,Bacteria_none,Proteobacteria,Gammaproteobacteria,Enterobacterales,Alteromonadaceae,Bacteria;Bacteria_none;Proteobacteria;Gammaproteobacteria;Enterobacterales;Alteromonadaceae;Alteromonas
Enterobacter,0.0,0.0,1.0,2.0,0.0,0.0,0.0,0.0,0.0,0.0,0.0,0.0,0.0,0.0,0.0,2.0,0.0,5.0,Bacteria,Bacteria_none,Proteobacteria,Gammaproteobacteria,Enterobacterales,Enterobacteriaceae,Bacteria;Bacteria_none;Proteobacteria;Gammaproteobacteria;Enterobacterales;Enterobacteriaceae;Enterobacter
Klebsiella,0.0,0.0,0.0,0.0,0.0,0.0,1.0,0.0,0.0,0.0,0.0,0.0,0.0,0.0,0.0,1.0,0.0,2.0,Bacteria,Bacteria_none,Proteobacteria,Gammaproteobacteria,Enterobacterales,Enterobacteriaceae,Bacteria;Bacteria_none;Proteobacteria;Gammaproteobacteria;Enterobacterales;Enterobacteriaceae;Klebsiella
Pantoea,0.0,0.0,0.0,0.0,0.0,0.0,0.0,0.0,0.0,1.0,3.0,0.0,0.0,0.0,0.0,0.0,0.0,4.0,Bacteria,Bacteria_none,Proteobacteria,Gammaproteobacteria,Enterobacterales,Erwiniaceae,Bacteria;Bacteria_none;Proteobacteria;Gammaproteobacteria;Enterobacterales;Erwiniaceae;Pantoea
Aggregatibacter,0.0,0.0,1.0,0.0,0.0,0.0,0.0,0.0,0.0,0.0,0.0,0.0,0.0,0.0,0.0,0.0,0.0,1.0,Bacteria,Bacteria_none,Proteobacteria,Gammaproteobacteria,Enterobacterales,Pasteurellaceae,Bacteria;Bacteria_none;Proteobacteria;Gammaproteobacteria;Enterobacterales;Pasteurellaceae;Aggregatibacter
Haemophilus,0.0,0.0,3.0,12.0,0.0,0.0,0.0,3.0,1.0,6.0,13.0,0.0,0.0,0.0,0.0,0.0,0.0,38.0,Bacteria,Bacteria_none,Proteobacteria,Gammaproteobacteria,Enterobacterales,Pasteurellaceae,Bacteria;Bacteria_none;Proteobacteria;Gammaproteobacteria;Enterobacterales;Pasteurellaceae;Haemophilus
Acidibacter,0.0,0.0,0.0,10.0,0.0,0.0,0.0,0.0,0.0,0.0,0.0,0.0,0.0,0.0,0.0,0.0,0.0,10.0,Bacteria,Bacteria_none,Proteobacteria,Gammaproteobacteria,Gammaproteobacteria Incertae Sedis,Unknown Family,Bacteria;Bacteria_none;Proteobacteria;Gammaproteobacteria;Gammaproteobacteria Incertae Sedis;Unknown Family;Acidibacter
Halomonas,0.0,0.0,0.0,2.0,0.0,0.0,0.0,0.0,0.0,0.0,0.0,0.0,0.0,0.0,0.0,0.0,0.0,2.0,Bacteria,Bacteria_none,Proteobacteria,Gammaproteobacteria,Pseudomonadales,Halomonadaceae,Bacteria;Bacteria_none;Proteobacteria;Gammaproteobacteria;Pseudomonadales;Halomonadaceae;Halomonas
Acinetobacter,0.0,3.0,0.0,0.0,0.0,0.0,0.0,0.0,0.0,9.0,9.0,0.0,0.0,8.0,0.0,1.0,0.0,30.0,Bacteria,Bacteria_none,Proteobacteria,Gammaproteobacteria,Pseudomonadales,Moraxellaceae,Bacteria;Bacteria_none;Proteobacteria;Gammaproteobacteria;Pseudomonadales;Moraxellaceae;Acinetobacter
Enhydrobacter,0.0,1.0,7.0,7.0,5.0,1.0,0.0,26.0,5.0,793.0,315.0,12.0,0.0,1.0,0.0,2.0,0.0,1175.0,Bacteria,Bacteria_none,Proteobacteria,Gammaproteobacteria,Pseudomonadales,Moraxellaceae,Bacteria;Bacteria_none;Proteobacteria;Gammaproteobacteria;Pseudomonadales;Moraxellaceae;Enhydrobacter
Moraxella,0.0,0.0,2.0,0.0,0.0,0.0,0.0,0.0,0.0,6.0,0.0,0.0,0.0,0.0,0.0,0.0,0.0,8.0,Bacteria,Bacteria_none,Proteobacteria,Gammaproteobacteria,Pseudomonadales,Moraxellaceae,Bacteria;Bacteria_none;Proteobacteria;Gammaproteobacteria;Pseudomonadales;Moraxellaceae;Moraxella
Pseudomonas,0.0,0.0,5.0,1.0,0.0,0.0,0.0,0.0,0.0,3.0,0.0,0.0,0.0,0.0,0.0,1.0,0.0,10.0,Bacteria,Bacteria_none,Proteobacteria,Gammaproteobacteria,Pseudomonadales,Pseudomonadaceae,Bacteria;Bacteria_none;Proteobacteria;Gammaproteobacteria;Pseudomonadales;Pseudomonadaceae;Pseudomonas
Steroidobacter,0.0,0.0,0.0,6.0,0.0,0.0,0.0,0.0,0.0,0.0,0.0,0.0,0.0,0.0,0.0,0.0,0.0,6.0,Bacteria,Bacteria_none,Proteobacteria,Gammaproteobacteria,Steroidobacterales,Steroidobacteraceae,Bacteria;Bacteria_none;Proteobacteria;Gammaproteobacteria;Steroidobacterales;Steroidobacteraceae;Steroidobacter
Steroidobacteraceae_uncultured,0.0,0.0,0.0,3.0,0.0,0.0,0.0,0.0,0.0,0.0,0.0,0.0,0.0,0.0,0.0,0.0,0.0,3.0,Bacteria,Bacteria_none,Proteobacteria,Gammaproteobacteria,Steroidobacterales,Steroidobacteraceae,Bacteria;Bacteria_none;Proteobacteria;Gammaproteobacteria;Steroidobacterales;Steroidobacteraceae;Steroidobacteraceae_uncultured
Unclassified_Steroidobacteraceae,0.0,0.0,0.0,1.0,0.0,0.0,0.0,0.0,0.0,0.0,0.0,0.0,0.0,0.0,0.0,0.0,0.0,1.0,Bacteria,Bacteria_none,Proteobacteria,Gammaproteobacteria,Steroidobacterales,Steroidobacteraceae,Bacteria;Bacteria_none;Proteobacteria;Gammaproteobacteria;Steroidobacterales;Steroidobacteraceae;Unclassified_Steroidobacteraceae
Ahniella,0.0,0.0,0.0,0.0,0.0,0.0,0.0,0.0,0.0,0.0,3.0,0.0,0.0,0.0,0.0,0.0,0.0,3.0,Bacteria,Bacteria_none,Proteobacteria,Gammaproteobacteria,Xanthomonadales,Rhodanobacteraceae,Bacteria;Bacteria_none;Proteobacteria;Gammaproteobacteria;Xanthomonadales;Rhodanobacteraceae;Ahniella
Dokdonella,0.0,0.0,0.0,0.0,0.0,0.0,0.0,0.0,0.0,1.0,0.0,0.0,0.0,0.0,0.0,0.0,0.0,1.0,Bacteria,Bacteria_none,Proteobacteria,Gammaproteobacteria,Xanthomonadales,Rhodanobacteraceae,Bacteria;Bacteria_none;Proteobacteria;Gammaproteobacteria;Xanthomonadales;Rhodanobacteraceae;Dokdonella
Lysobacter,0.0,0.0,0.0,0.0,0.0,0.0,0.0,0.0,0.0,4.0,0.0,0.0,0.0,0.0,0.0,0.0,0.0,4.0,Bacteria,Bacteria_none,Proteobacteria,Gammaproteobacteria,Xanthomonadales,Xanthomonadaceae,Bacteria;Bacteria_none;Proteobacteria;Gammaproteobacteria;Xanthomonadales;Xanthomonadaceae;Lysobacter
Stenotrophomonas,0.0,0.0,0.0,0.0,0.0,1.0,0.0,0.0,0.0,0.0,0.0,0.0,0.0,0.0,0.0,0.0,0.0,1.0,Bacteria,Bacteria_none,Proteobacteria,Gammaproteobacteria,Xanthomonadales,Xanthomonadaceae,Bacteria;Bacteria_none;Proteobacteria;Gammaproteobacteria;Xanthomonadales;Xanthomonadaceae;Stenotrophomonas
Thermomonas,0.0,0.0,0.0,0.0,2.0,0.0,0.0,0.0,0.0,0.0,3.0,0.0,0.0,0.0,0.0,0.0,0.0,5.0,Bacteria,Bacteria_none,Proteobacteria,Gammaproteobacteria,Xanthomonadales,Xanthomonadaceae,Bacteria;Bacteria_none;Proteobacteria;Gammaproteobacteria;Xanthomonadales;Xanthomonadaceae;Thermomonas
Vulcaniibacterium,0.0,0.0,0.0,0.0,0.0,0.0,0.0,0.0,0.0,0.0,2.0,0.0,0.0,0.0,0.0,0.0,0.0,2.0,Bacteria,Bacteria_none,Proteobacteria,Gammaproteobacteria,Xanthomonadales,Xanthomonadaceae,Bacteria;Bacteria_none;Proteobacteria;Gammaproteobacteria;Xanthomonadales;Xanthomonadaceae;Vulcaniibacterium
Treponema,0.0,0.0,0.0,4.0,0.0,0.0,0.0,0.0,0.0,0.0,0.0,0.0,0.0,0.0,0.0,0.0,0.0,4.0,Bacteria,Bacteria_none,Spirochaetota,Spirochaetia,Spirochaetales,Spirochaetaceae,Bacteria;Bacteria_none;Spirochaetota;Spirochaetia;Spirochaetales;Spirochaetaceae;Treponema
Sumerlaea,0.0,0.0,0.0,0.0,0.0,0.0,0.0,0.0,0.0,1.0,0.0,0.0,0.0,0.0,0.0,0.0,0.0,1.0,Bacteria,Bacteria_none,Sumerlaeota,Sumerlaeia,Sumerlaeales,Sumerlaeaceae,Bacteria;Bacteria_none;Sumerlaeota;Sumerlaeia;Sumerlaeales;Sumerlaeaceae;Sumerlaea
Candidatus Udaeobacter,0.0,0.0,1.0,0.0,0.0,0.0,0.0,0.0,0.0,0.0,0.0,0.0,0.0,0.0,0.0,0.0,0.0,1.0,Bacteria,Bacteria_none,Verrucomicrobiota,Verrucomicrobiae,Chthoniobacterales,Chthoniobacteraceae,Bacteria;Bacteria_none;Verrucomicrobiota;Verrucomicrobiae;Chthoniobacterales;Chthoniobacteraceae;Candidatus Udaeobacter
Ellin517,0.0,0.0,0.0,1.0,0.0,0.0,0.0,0.0,0.0,0.0,0.0,0.0,0.0,0.0,0.0,0.0,0.0,1.0,Bacteria,Bacteria_none,Verrucomicrobiota,Verrucomicrobiae,Pedosphaerales,Pedosphaeraceae,Bacteria;Bacteria_none;Verrucomicrobiota;Verrucomicrobiae;Pedosphaerales;Pedosphaeraceae;Ellin517
Unclassified_Pedosphaeraceae,0.0,0.0,0.0,1.0,0.0,0.0,0.0,0.0,0.0,1.0,0.0,0.0,0.0,0.0,0.0,0.0,0.0,2.0,Bacteria,Bacteria_none,Verrucomicrobiota,Verrucomicrobiae,Pedosphaerales,Pedosphaeraceae,Bacteria;Bacteria_none;Verrucomicrobiota;Verrucomicrobiae;Pedosphaerales;Pedosphaeraceae;Unclassified_Pedosphaeraceae
Unknown,1.0,30.0,242.0,516.0,47.0,34.0,32.0,44.0,5.0,159.0,222.0,25.0,18.0,378.0,12.0,45.0,112.0,1922.0,Unclassified,Unknown,Unknown,Unknown,Unknown,Unknown,Unclassified;Unknown;Unknown;Unknown;Unknown;Unknown;Unknown